___id___,category,companyname,dateissued,email,expirydate,faxnumber,licenceno,phonenumber,postaladdress,province,residentialaddress,responsiblepharmacist,responsiblepharmacistsection36exemption,type_of_licence_and_authorised_site_activity,typeoflicenceandauthorisedsiteactivity
254208,API_Manufacturers,BBI Enzymes SA (Pty) Limited t/a BBI Solutions,28/08/2025,SabineGuerra@bbisolutions.com,28/08/2030,,0000001327.-.4,2721 534 4531,19 Packer Avenue. Epping 2. Cape Town. Western Cape. 7460,,19 Packer Avenue. Epping 2. Cape Town. Western Cape. 7460,,Sabine Guerra,,Manufacture &amp; Export
254209,API_Manufacturers,Cilo Cybin Pharmaceutical (Pty) Ltd,2021/10/04,gabriel@cilocybin.com,2026/10/04,,00000001398.-.2,073 509 2104,Unit C1. The Point Business Park. 7 Sterling Avenue. Kosmosdal. Ext 12. Samrand,,Unit C1. The Point Business Park. 7 Sterling Avenue. Kosmosdal. Ext 12. Samrand,,Elandi Styger,,Manufacture &amp; Export
254210,API_Manufacturers,Fine Chemicals Corporation (Pty) Ltd,2022/10/27,hmentor@aspenpharma.com and imatthew@aspenpharma.com ,2027/10/27,,0000001429.-.2,021 530 8100 and 083 399 1214,15 Hawkins Avenue. Epping 1. Cape Town. Western Cape. 7475,,15 Hawkins Avenue. Epping 1. Cape Town. Western Cape. 7475,,Ilona Matthew,,Manufacture &amp; Export
254211,API_Manufacturers,Geo Greenhealth (Pty) Ltd,2022/06/06,ceo@geogreenhealth.co.za,2027/06/06,,0000001416.-.1,018 011 2426 or 072 342 7017,203 Ian Street. Wilkoppies. Klerksdorp. 2571,,203 Ian Street. Wilkoppies. Klerksdorp. 2571,,Andries Jacobus van der Walt,,Manufacture &amp; Export
254212,API_Manufacturers,Green Engineering Solutions (Pty) Ltd.,04/11/2021, corne@geslabs.com ,04/11/2026,,0000001401.-.3,27211803097 and 084 432 6305,Unit 1. 121 Capricorn Drive. Capricorn Business and Technology Park. Muizenberg. Cape Town. Western Cape. 7948,,Unit 1. 121 Capricorn Drive. Capricorn Business and Technology Park. Muizenberg. Cape Town. Western Cape. 7948,,Johann Corné Carstens,,Manufacture. Import. Export &amp; Testing Lab
254213,API_Manufacturers,LACSA (Pty) Ltd,2022/06/07,rrogan@illovo.co.za or fcassim@illovo.co.za,2027/06/07,,0000001417.-.2,031 450 7724 or 084 962 5276 or 082 8303 040,72 Ballantrae Road. Merebank. Durban. KwaZulu-Natal. 3201,,72 Ballantrae Road. Merebank. Durban. KwaZulu-Nata. 3201,,Fadhil Cassim,,Manufacture &amp; Export
254214,API_Manufacturers,NTP Radioisotopes SOC Ltd – Building P2100 Lu-177 n.c.a,2022/10/17,thabot@ntp.co.za and Lesedi@ntp.co.za ,2027/10/17,,0000001427.-.1,082 8060 049 and 083 631 0698,Elias Motsoaledi Street Extension (Church Street West). R104 Pelindaba. Brits Magisterial District. Madibeng Municipality. North West Province. Pelindaba. 0240,,Elias Motsoaledi Street Extension (Church Street West). R104 Pelindaba. Brits Magisterial District. Madibeng Municipality. North West Province. Pelindaba. 0240,,Veyash Kanhai,,Manufacture &amp; Export
254215,API_Manufacturers,NTP Radioisotopes SOC Ltd – P1700 &amp; P1701 Mo-99 and I-131 Manufacture,23/07/2025,thabo.tselane@ntp.co.za,23/07/2030,,0000001356.-.2,012 305 4471 or 082 806 0049,Elias Motsoaledi Street Extension (Church Street West). R104 Pelindaba Brits Magisterial District. Madibeng Municipality. North West Province. 0240,,Elias Motsoaledi Street Extension (Church Street West). R104 Pelindaba Brits Magisterial District. Madibeng Municipality. North West Province. 0240,,Zaahirah Suliman,,Manufacture &amp; Export
254206,Bond_Stores,DSV Solutions (Pty) Ltd - Bond Store,06/12/2021,Lizwi.mthethwa@za.dsv.com,06/12/2026,,BW 0003.-.5,010 248 0000 and 010 248 0215,Unit B. 1 Meadowview Lane. Meadowview Business Estate. Meadowview. Sandton. Gauteng. 2093,,Unit B. 1 Meadowview Lane. Meadowview Business Estate. Meadowview. Sandton. Gauteng. 2093,Lizwi Mthethwa,,,Bonded Warehouse for Transmission of Unregistered Medicines through the Republic
254207,Bond_Stores,Imperial Logistics South Africa Group (Pty) Ltd t/a DP World Healthcare Logistics – Bonded Warehouse(Formerly RTT Medical),09/06/2023,Vanessa.theron@dpworld.com,09/06/2028,,0000001445.-.2,27 126 214 300,Unit D. 57 Sarel Baard Crescent. Gateway Industrial Park. Rooihuiskraal. Centurion. Gauteng. 1057,,Unit D. 57 Sarel Baard Crescent. Gateway Industrial Park. Rooihuiskraal. Centurion. Gauteng. 1057,Sifiso Bongani Nkosi,,,Bonded Warehouse for Transmission of  Unregistered Medicines through the Republic
254718,Cannabis_Cultivation,Agang Agriculture (Pty) Ltd,27/01/2023,,27/01/2028,,0000000087MC - v1,,,Gauteng,,Lerato Maluleke,,Cannabis Cultivation and Export,
254719,Cannabis_Cultivation,Alphaplant Pharmaceutical (Pty) Ltd (formerly Biodelta Nutraceuticals (Pty) Ltd),06/01/2022,,06/01/2027,,0000000041MC – v5,,,Western Cape,,Johannes Cornelius Potgieter,,Cannabis Cultivation and Export,
254720,Cannabis_Cultivation,Bassani Health (Pty) Ltd (Formerly Bassani Group. which was originally Bassani Medical (Pty) Ltd),19/07/2022,,19/07/2027,,0000000078MC - v4,,,Gauteng,,Currently No RP. Notification received 05 Sept 2025,,Cannabis Cultivation and Export,
254721,Cannabis_Cultivation,Bearded Budz (Pty) Ltd t/a Bearded Budz,09/11/2022,,09/11/2027,,0000000084MC - v1,,,Western Cape,,John Johannes Geldenhuis,,Cannabis Cultivation and Export,
254722,Cannabis_Cultivation,Belhes (Pty) Ltd,12/12/2023,,12/12/2028,,0000000103MC - v2,,,Eastern Cape,,Charldon Dudley Jacobs,,Cannabis Cultivation and Export,
254723,Cannabis_Cultivation,Beyond Buds (Pty) Ltd,13/09/2021,,13/09/2026,,0000000034MC - v3,,,Western Cape,,Natasha Wilson-Strydom,,Cannabis Cultivation and Export,
254724,Cannabis_Cultivation,BioCann (Pty) Ltd (formerly Titi Medical (Pty) Ltd),03/06/2025,,03/06/2030,,0000000004MC - v4,,,Limpopo,,Desmond Benjamin Greaver,,Cannabis Cultivation and Export,
254725,Cannabis_Cultivation,Biogeist (Pty) Ltd,06/05/2021,,05/06/2026,,0000000030MC - v1,,,Western Cape,,Dewald Van Eyk,,Cannabis Cultivation and Export,
254726,Cannabis_Cultivation,Biogenetics Labs (Pty) Ltd,17/07/2025,,17/07/2030,,0000000122MC – v1,,,Gauteng,,Currently No RP. Notification received 30 January 2026. ,,Cannabis Cultivation and Export,
254727,Cannabis_Cultivation,Biotic Pharm (Pty) Ltd (formerly CANNSUN (Pty) Ltd),15/10/2025,,15/10/2030,,0000000014MC - v3,,,Western Cape,,Cedric Nyahchong Feka,,Cannabis Cultivation and Export,
254728,Cannabis_Cultivation,Blom Medical (Pty) Ltd,19/12/2023,,19/12/2028,,0000000104MC – v1,,,Mpumalanga,,Simoné Eksteen,,Cannabis Cultivation and Export,
254729,Cannabis_Cultivation,Blue Bustard (Pty) Ltd,24/08/2023,,24/08/2028,,0000000100MC – v2,,,KwaZulu Natal,,Nokubonga Promise Memela,,Cannabis Cultivation and Export,
254730,Cannabis_Cultivation,Boitumelo Farms 1989 (Pty) Ltd,26/08/2021,,26/08/2026,,0000000036MC - v2,,,KwaZulu Natal,,Barbara Lauren Alston,,Cannabis Cultivation and Export,
254731,Cannabis_Cultivation,BPure Growers (Pty) Ltd,15/06/2023,,15/06/2028,,0000000097MC - v1,,,Gauteng,,Daleen Geldenhuys,,Cannabis Cultivation and Export,
254732,Cannabis_Cultivation,Budbrothers (Pty) Ltd trading as Karoo Green,27/02/2025,,27/02/2030,,0000000119MC – v1,,,Western Cape,,Estelle Steenkamp,,Cannabis Cultivation and Export,
254733,Cannabis_Cultivation,BudGrow Properties (Pty) Ltd,19/09/2022,,19/09/2027,,0000000083MC – v2,,,Gauteng,,Alichia Viljoen,,Cannabis Cultivation and Export,
254734,Cannabis_Cultivation,Bushveld Genetics (Pty) Ltd,06/07/2022,,06/07/2027,,0000000077MC - v1,,,Limpopo,,Khomotso Maisaka Bambo,,Cannabis Cultivation and Export,
254735,Cannabis_Cultivation,Cannabis Propagation South Africa (Pty) Ltd t/a CannaProp,24/06/2022,,24/06/2027,,0000000072MC - v1,,,Gauteng,,Matoko Lucas Mokoka,,Cannabis Cultivation and Export,
254736,Cannabis_Cultivation,CannaBudGrow (Pty) Ltd,23/05/2022,,23/05/2027,,0000000066MC - v4,,,Gauteng,,Nicholaas van Lingen,,Cannabis Cultivation and Export,
254737,Cannabis_Cultivation,CannaPharm SA (Pty) Ltd,14/04/2021,,14/04/2026,,0000000027MC - v2,,,Limpopo,,Jeanene Celeste Kotze,,Cannabis Cultivation and Export,
254738,Cannabis_Cultivation,Cannex (Pty) Ltd,22/10/2024,,22/10/2029,,0000000117MC – v1,,,Gauteng,,Currently No RP - Notification received 06/06/2025,,Cannabis Cultivation and Export,
254739,Cannabis_Cultivation,Canorganix,24/01/2022,,24/01/2027,,0000000050MC - v1,,,Free State,,Lesley Pakiso Dijane,,Cannabis Cultivation and Export,
254740,Cannabis_Cultivation,Cape Farmacy t/a Bored Farms ,03/05/2024,,03/05/2029,,0000000110MC – v2,,,KwaZulu Natal,,Michael Duffield,,Cannabis Cultivation and Export,
254741,Cannabis_Cultivation,CapeBud (Pty) Ltd,17/05/2022,,17/05/2027,,0000000063MC - v2,,,Western Cape,,Rilet Janse van Rensburg,,Cannabis Cultivation and Export,
254742,Cannabis_Cultivation,CBD Full Spectrum Manufacturers International (Pty) Ltd,26/09/2025,,26/09/2030,,0000000009MC - v2,,,Gauteng,,Lentè Pieterse,,Cannabis Cultivation and Export,
254743,Cannabis_Cultivation,CEN Cultures (Pty) Ltd,20/01/2023,,20/01/2028,,0000000088MC - v1,,,Gauteng,,Rachelle Rossouw,,Cannabis Cultivation and Export,
254744,Cannabis_Cultivation,Chroni Co Holdings (Pty) Ltd t/a Chroni Co (Pty) Ltd,24/08/2021,,24/08/2026,,0000000033MC - v4,,,Western Cape,,Johan Jacobus Ferreira,,Cannabis Cultivation and Export,
254745,Cannabis_Cultivation,Cilo Cybin Pharmaceutical (Pty) Ltd,27/10/2025,,27/10/2030,,0000000001MC - v3,,,Gauteng,,Emilia Panayi,,Cannabis Cultivation and Export,
254746,Cannabis_Cultivation,City Leaves (Pty) Ltd,30/08/2024,,30/08/2029,,0000000115MC – v1,,,Gauteng,,Masehle Karabo,,Cannabis Cultivation and Export,
254747,Cannabis_Cultivation,Cloetes Boerdery (Pty) Ltd,22/03/2024,,22/03/2029,,0000000108MC - v2,,,Western Cape,,Leanne Tersia Hendricks,,Cannabis Cultivation and Export,
254748,Cannabis_Cultivation,Cool Ideas Technologies (Pty) Ltd,05/04/2022,,05/04/2027,,0000000062MC - v1,,,KwaZulu Natal,,Ms Audre Dutton (Neḝ Schimper),,Cannabis Cultivation and Export,
254749,Cannabis_Cultivation,Cradle Canna Pty Ltd t/a Cradle Farms Ltd,24/06/2022,,24/06/2027,,0000000074MC - v2,,,Gauteng,,Jacobus Johannes De Wet,,Cannabis Cultivation and Export,
254750,Cannabis_Cultivation,Craft Horticulture (Pty) Ltd,15/02/2022,,15/02/2027,,0000000053MC - v1,,,Western Cape,,Robert Howard Atkinson,,Cannabis Cultivation and Export,
254751,Cannabis_Cultivation,Criggs Pharma (Pty) Ltd,02/10/2024,,02/10/2029,,0000000116MC – v1,,,Eastern Cape,,Sarah Kathleen Gray,,Cannabis Cultivation and Export,
254752,Cannabis_Cultivation,Druids Holdings (Pty) Ltd,25/02/2021,,25/02/2026,,0000000024MC - v2,,,Gauteng,,Neville Van der Heijden,,Cannabis Cultivation and Export,
254753,Cannabis_Cultivation,Dwarriega Greens,12/08/2022,,12/08/2027,,0000000079MC - v1,,,Western Cape,,Nadine van Zyl,,Cannabis Cultivation and Export,
254754,Cannabis_Cultivation,Elpasso Farms (Pty) Ltd,09/09/2025,,09/09/2030,,0000000008MC - v2,,,Gauteng,,Ruvimbo Tina Tariro Kateera,,Cannabis Cultivation and Export,
254755,Cannabis_Cultivation,Elvexo,10/01/2022,,10/01/2027,,0000000045MC - v1,,,North West,,Carien Elizabeth Opperman,,Cannabis Cultivation and Export,
254756,Cannabis_Cultivation,Fantastic Flowers (Pty) Ltd,08/05/2025,,08/05/2030,,0000000120MC – v1,,,Western Cape,,Joan van Wyngaard,,Cannabis Cultivation and Export,
254757,Cannabis_Cultivation,Farma Growers Group (Pty) Ltd,03/06/2025,,03/06/2030,,0000000019MC - v4,,,North West,,Helena Johanna Voges,,Cannabis Cultivation and Export,
254758,Cannabis_Cultivation,Felbridge (Pty) Ltd,09/06/2025,,09/06/2030,,0000000016MC - v3,,,Western Cape,,Philip Albert,,Cannabis Cultivation and Export,
254759,Cannabis_Cultivation,Flow Cultivation (Pty) Ltd,28/06/2023,,28/06/2028,,0000000098MC - v1,,,Eastern Cape,,Patrick John Phillips,,Cannabis Cultivation and Export,
254760,Cannabis_Cultivation,Geo Greenhealth (Pty) Ltd,26/08/2021,,26/08/2026,,0000000035MC - v1,,,North West,,Andries Jacobus van der Walt,,Cannabis Cultivation and Export,
254761,Cannabis_Cultivation,Global Health Wellness South Africa,07/01/2022,,07/01/2027,,0000000042MC - v2,,,KwaZulu Natal,,Kim Ruth Germiquet,,Cannabis Cultivation and Export,
254762,Cannabis_Cultivation,Green Rocket,22/07/2024,,22/07/2029,,0000000114MC - v1,,,Western Cape,,Elme Steenkamp (Nee Oosthuysen),,Cannabis Cultivation and Export,
254763,Cannabis_Cultivation,Greenco Natural Healing (Pty) Ltd t/a Greenco,22/08/2022,,22/08/2027,,0000000080MC - v1,,,Eastern Cape,,Eugene Schroeder,,Cannabis Cultivation and Export,
254764,Cannabis_Cultivation,HealthCann Grow (Pty) Ltd,22/07/2025,,22/07/2030,,0000000002MC – v2,,,Eastern Cape,,Michelle Jansen,,Cannabis Cultivation and Export,
254765,Cannabis_Cultivation,Hempsure (Pty) Ltd,20/06/2025,,20/06/2030,,0000000121MC – v1,,,Gauteng,,Kundai Sibanda,,Cannabis Cultivation and Export,
254766,Cannabis_Cultivation,Hermetics Health (Pty) Ltd,09/03/2022,,09/03/2027,,0000000057MC - v1,,,Gauteng,,Julius Matshipi Kgwethe,,Cannabis Cultivation and Export,
254767,Cannabis_Cultivation,Igrow Consulting (Pty) Ltd,30/05/2022,,30/05/2027,,0000000068MC - v1,,,Western Cape,,Chia-San Lin,,Cannabis Cultivation and Export,
254768,Cannabis_Cultivation,ILCO Farming (Pty) Ltd,07/01/2022,,07/01/2027,,0000000043MC - v2,,,Free State,,Berne Swart,,Cannabis Cultivation and Export,
254769,Cannabis_Cultivation,Innovative Agric Group (Pty) Ltd,17/02/2022,,17/02/2027,,0000000054MC - v1,,,Gauteng,,Nirvana Bagwathpersad,,Cannabis Cultivation and Export,
254770,Cannabis_Cultivation,Isivuno Selanga Laboratories (Pty) Ltd,04/07/2022,,04/07/2027,,0000000075MC - v1,,,KwaZulu Natal,,Marthinus Cornelis Joubert,,Cannabis Cultivation and Export,
254771,Cannabis_Cultivation,Jack Frost Pharmaceuticals (Pty) Ltd,19/09/2022,,19/09/2027,,0000000082MC - v1,,,Gauteng,,Raghu Ram Paturi,,Cannabis Cultivation and Export,
254772,Cannabis_Cultivation,Jig SA (Pty) Ltd t/a JIG Cannabis,05/07/2022,,05/07/2027,,0000000076MC - v1,,,Gauteng,,Nadia Akbar,,Cannabis Cultivation and Export,
254773,Cannabis_Cultivation,Jozi Grow (Pty) Ltd,12/01/2022,,12/01/2027,,0000000046MC - v1,,,Gauteng,,Carla Johanna Arnold (Loots),,Cannabis Cultivation and Export,
254774,Cannabis_Cultivation,K2013001170 t/a Vaalbud Nursery,24/10/2023,,24/10/2028,,0000000102MC – v1,,,Free State,,Johannes Daniel Buckle Myburg,,Cannabis Cultivation and Export,
254775,Cannabis_Cultivation,Karoo Bioscience (Pty) Ltd,23/05/2022,,23/05/2027,,0000000065MC - v1,,,Western Cape,,Currently No RP. Notification received 12 August  2025. Application for new RP Received.Mignonne Johnson,,Cannabis Cultivation and Export,
254776,Cannabis_Cultivation,Kriek Grow Corporation t/a Kriek Grow Corp,21/04/2023,,21/04/2028,,0000000093MC - v2,,,Gauteng,,Deon Pieter Visser,,Cannabis Cultivation and Export,
254777,Cannabis_Cultivation,Kush Global (Pty) Ltd ,01/06/2023,,01/06/2028,,0000000095MC - v1,,,Northern Cape,,Shanton Trevor Pienaar,,Cannabis Cultivation and Export,
254778,Cannabis_Cultivation,Kwantu Green Medicals (Pty) Ltd,01/03/2024,,01/03/2029,,0000000107MC – v1,,,Eastern Cape,,Rubeena Moolla,,Cannabis Cultivation and Export,
254779,Cannabis_Cultivation,Lima Romeo Air (Pty) Ltd t/a Sweet Water Aquaponics,03/06/2025,,03/06/2030,,0000000012MC - v4,,,Eastern Cape,,Ruvimbo Tina Kateera,,Cannabis Cultivation and Export,
254780,Cannabis_Cultivation,Livita (Pty) Ltd,25/04/2023,,25/04/2028,,0000000091MC - v2,,,North West,,Anri Coetzee,,Cannabis Cultivation and Export,
254781,Cannabis_Cultivation,MEDCAN (Pty) Ltd,26/09/2025,,26/09/2030,,0000000003MC - v2,,,Gauteng,,Dumani Ernest Dlamini,,Cannabis Cultivation and Export,
254782,Cannabis_Cultivation,Medical Cannabis Farm (Pty) Ltd,30/01/2024,,30/01/2029,,0000000105MC - v1,,,Limpopo,,Ouma Nomsa Letoaba,,Cannabis Cultivation and Export,
254783,Cannabis_Cultivation,MEDIEXTRACT EASTERN CAPE (PTY) LTD,28/07/2025,,28/07/2030,,0000000020MC - v5,,,Eastern Cape,,Patricia Strydom,,Cannabis Cultivation and Export,
254784,Cannabis_Cultivation,Morwamax (Pty) Ltd,13/01/2022,,13/01/2027,,0000000048MC - v1,,,KwaZulu Natal,,Mohamed Ismail Bhamjee,,Cannabis Cultivation and Export,
254785,Cannabis_Cultivation,Mpeta Group (Pty) Ltd,20/10/2023,,20/10/2028,,0000000101MC – v3,,,KwaZulu Natal,,Priyanka Naidoo,,Cannabis Cultivation and Export,
254786,Cannabis_Cultivation,Ohlawe Growers (Pty) Ltd,23/05/2022,,23/05/2027,,0000000067MC - v1,,,Gauteng,,No RP: Notification received 08/10/2025,,Cannabis Cultivation and Export,
254787,Cannabis_Cultivation,Perfect Plants (Pty) Ltd,07/01/2022,,07/01/2027,,0000000044MC - v1,,,Western Cape,,Stella Lydia van der Walt (Smit),,Cannabis Cultivation and Export,
254788,Cannabis_Cultivation,Pharma Africa Repackaging and Manufacturing t/a Pharma Africa,20/04/2023,,20/04/2028,,0000000092MC – v2,,,Gauteng,,Tekanyo Mofokeng,,Cannabis Cultivation and Export,
254789,Cannabis_Cultivation,Pure Canna Pharm(Pty)Ltd,18/02/2026,,18/02/2031,,0000000124MC – v1,,,Western Cape,,Kesha Higgins,,Cannabis Cultivation and Export,
254790,Cannabis_Cultivation,R3 Candistills (Pty) Ltd,01/03/2022,,01/03/2027,,0000000056MC - v2,,,North West,,Martha Catharina Johanna Le Grange,,Cannabis Cultivation and Export,
254791,Cannabis_Cultivation,Rainbow Moon Trading 70 CC ,03/05/2023,,03/05/2028,,0000000094MC - v1,,,KwaZulu Natal,,Phillip Martin Verwey,,Cannabis Cultivation and Export,
254792,Cannabis_Cultivation,Rascal Seed Research Laboratories (Pty) Ltd t/a Rascal Medicinal Cannabis,26/09/2025,,26/09/2030,,0000000026MC – v5,,,North West,,Minnette Wheeler,,Cannabis Cultivation and Export,
254793,Cannabis_Cultivation,Royal African Kultivation (Pty) Ltd,18/05/2022,,18/05/2027,,0000000064MC - v1,,,Gauteng,,Danleen Hongoro,,Cannabis Cultivation and Export,
254794,Cannabis_Cultivation,Safri Canna (Pty) Ltd t/a SafriCanna,14/08/2025,,14/08/2030,,0000000021MC - v4,,,Gauteng,,Melani Sarah Botes,,Cannabis Cultivation and Export,
254795,Cannabis_Cultivation,Sea Blue Ocean (Pty) Ltd,22/10/2024,,22/10/2029,,0000000118MC – v2,,,Western Cape,,No RP: Notification received 20/01/2026,,Cannabis Cultivation and Export,
254796,Cannabis_Cultivation,Seven Blade Medical (Pty) Ltd,09/09/2021,,09/09/2026,,0000000038MC - v4,,,Western Cape,,Beverley Abramowitz,,Cannabis Cultivation and Export,
254797,Cannabis_Cultivation,Simonshoogte (Pty) Ltd,19/07/2023,,19/07/2028,,0000000099MC - v2,,,Western Cape,,Carla Liebenberg,,Cannabis Cultivation and Export,
254798,Cannabis_Cultivation,Sosebenza Medicinals (Pty) Ltd,06/10/2025,,06/10/2030,,0000000123MC – v1,,,North West,,Malebogo Tlaila (Setuke),,Cannabis Cultivation and Export,
254799,Cannabis_Cultivation,Sugar Leaf Cultivation (Pty) Ltd,09/03/2022,,09/03/2027,,0000000058MC - v1,,,Limpopo,,Tafadzwa Mutsvairo,,Cannabis Cultivation and Export,
254800,Cannabis_Cultivation,Tomanic Trading,07/09/2021,,07/09/2026,,0000000037MC - v1 ,,,Gauteng,,Bernard Richard Cross,,Cannabis Cultivation and Export,
254801,Cannabis_Cultivation,Triple A Venture (Pty) Ltd,15/03/2023,,15/03/2028,,0000000090MC - v1,,,KwaZulu Natal,,Patricia Whitehead,,Cannabis Cultivation and Export,
254802,Cannabis_Cultivation,Tugela Labs (Pty) Ltd,15/11/2022,,15/11/2027,,0000000086MC - v2,,,KwaZulu Natal,,Sisipo Tandeka Ndzamela,,Cannabis Cultivation and Export,
254803,Cannabis_Cultivation,Uncle Rooneys (Pty) Ltd,23/12/2021,,23/12/2026,,0000000049MC - v2,,,Western Cape,,Francois Basson,,Cannabis Cultivation and Export,
254804,Cannabis_Cultivation,Wellness Choice (Pty) Ltd,09/06/2022,,09/06/2027,,0000000069MC - v2,,,KwaZulu Natal,,Ayesha Ameen,,Cannabis Cultivation and Export,
254805,Cannabis_Cultivation,White Lion Holdings (Pty) Ltd,24/02/2022,,24/02/2027,,0000000055MC - v4,,,Western Cape,,Lené Bubb(Maiden surname Marais),,Cannabis Cultivation and Export,
254806,Cannabis_Cultivation,Wolf Africa Herbs (Pty) Ltd (Formerly Bryczkowski Family Trust),19/02/2024,,19/02/2029,,0000000106MC - v2,,,KwaZulu Natal,,Bongani Baxana,,Cannabis Cultivation and Export,
254807,Cannabis_Cultivation,Zandrivier Boerdery cc,18/02/2021,,18/02/2026,,0000000022MC - v1,,,Limpopo,,Waltela Elizabeth Mare,,Cannabis Cultivation and Export,
254808,Cannabis_Cultivation,Zietsco Investments (Pty) Ltd,23/06/2022,,23/06/2027,,0000000071MC - v1,,,Northern Cape,,Charl Weber,,Cannabis Cultivation and Export,
254216,Distributors_Scheduled_Substances,Alura Pharmaceuticals (Pty) Ltd,04/09/2025,27 829 204 130,04/09/2030,,0000001495.-.1,114 HB Forum Building. 13 Stamvrug Street. Val de Grace. Pretoria. Gauteng. 0181,pieter@alurapharma.co.za ,,Unit 15. Lower Ground Floor. Sappi Technology Centre. Corner of Aaron Klug and Max Theiler Street. Innovation Hub. Persequor. Pretoria. 0022,,Carel Johannes Stefanus Viljoen,,Distributor of Scheduled Substances
254217,Distributors_Scheduled_Substances,Brenntag South Africa (Pty) Ltd,23/04/2025,27 100 209 100,23/04/2030,,0000001487.-.1,Warehousing Section. Unit 2. Ext 149. Elgin Street. Pomona. Kempton Park. Gauteng. 1619,morgan.govender@brenntag.com,,Warehousing Section. Unit 2. Ext 149. Elgin Street. Pomona. Kempton Park. Gauteng. 1619,,Sekutunyane Ezekiel Nkere,,Distributor of Scheduled Substances
254218,Distributors_Scheduled_Substances,DB Fine Chemicals (Pty) Ltd,28/02/2025,27 118 072 991,28/02/2030,,0000001482.-.1,Unit 5 Woodview Office Park. 1 Humber Street. Woodmead. Johannesburg. Gauteng. 2191,dion@dbfine.co.za ,,Unit 5 Woodview Office Park. 1 Humber Street. Woodmead. Johannesburg. Gauteng. 2191,,Matoko Lucas Mokoka,,Distributor of Scheduled Substances
254219,Distributors_Scheduled_Substances,Kirsch Pharma SA (Pty) ,27/08/2024,076 479 4842 and 011 392 5171,27/08/2029,,0000001468.-.1,Plumbago Business Park – Unit 4A. Spier Street. Glen Erasmia x 17. Kempton Park. Gauteng. 1619,pharmacist@kirschpharma.co.za,,Plumbago Business Park – Unit 4A. Spier Street. Glen Erasmia x 17. Kempton Park. Gauteng. 1619,,Tanya Potgieter,,Distributor of Scheduled Substances
254220,Distributors_Scheduled_Substances,Marsing &amp; Co. Africa (Pty) Ltd,09/03/2023,27 114 626 913,09/03/2028,,0000001439.-.4,9 Thunderbolt Lane. Lanseria. Corporate Estate. Lanseria. Johannesburg. Gauteng. 1739,Leandri@marsing-sa.com ,,9 Thunderbolt Lane. Lanseria. Corporate Estate. Lanseria. Johannesburg. Gauteng. 1739,,Leandri De Villiers,,Distributor of Scheduled Substances
254221,Distributors_Scheduled_Substances,Multichem Marketing (Pty) Ltd,09/03/2023,27 833 802 602,09/03/2028,,0000001438.-.1,Unit 3. Honeydew Business Park. 1503 Citrus Street. Honeydew. Gauteng. 2170,natalie@multichemsourcing.com ,,Unit 3. Honeydew Business Park. 1503 Citrus Street. Honeydew. Gauteng. 2170,,Sanam Desai,,Distributor of Scheduled Substances
254222,Distributors_Scheduled_Substances,,,,,,,,,,,,,,
254223,Gas_Manufacturers,Air Liquide (Pty) Ltd - Alrode,21/12/2021,murial.kopanye@airliquide.com,21/12/2026,072 576 5519 or 087 288 1040,0000000345.-.20,,Corner Vereeniging and Andre Marais Street. Alrode. Alberton. Gauteng. 1451,,Corner Vereeniging and Andre Marais Street. Alrode. Alberton. Gauteng. 1451,Murial Kopanye,,,Manufacture &amp; Export
254224,Gas_Manufacturers,Air Liquide (Pty) Ltd - Highveld,04/03/2025,mmachoene.lamola@airliquide.com ,04/03/2030,27 636 152 476,0000001453.-.1,,Corner Vereeniging and Andre Marais Street. Alrode. Alberton. Gauteng. 1451,,Collins Avenue (between Highveld Industrial Park &amp; N4 Highway). Emalahleni. Mpumalanga. 1034,Mmachoene Lamola,,,Manufacture &amp; Export
254225,Certificate_Product_Registration,3Sixty Biopharmaceuticals (Pty) Ltd,28/07/2025,walter.mbatha@3sixtybiomedicine.co.za ,28/07/2030,,0000001351.-.2,27 105 934 631,Office Unit 5.3.B Ground Floor. Office Park 23 West Street. Houghton. Johannesburg. Gauteng. 2046,,Office Unit 5.3.B Ground Floor. Office Park 23 West Street. Houghton. Johannesburg. Gauteng. 2046,Walter Siphiwe Mbatha,,,Import &amp; Export
254226,Certificate_Product_Registration,Abbott Laboratories S.A. (Pty) Ltd,07/10/2024,gugulethu.mabuza@abbott.com,07/10/2029,,0000000125.-.15,011 858 2000 or 0833825830,219 Golf Club Terrace. Constantia Kloof. Roodepoort. Gauteng. 1709,,219 Golf Club Terrace. Constantia Kloof. Roodepoort. Gauteng. 1709,Gugulethu Mabuza,,,Import &amp; Export
254227,Certificate_Product_Registration,Abex Pharmaceutica (Pty) Ltd,15/03/2024,abex.regulatory@abexpharm.com ,15/03/2029,,0000001152.-.3,27129976974,Postnet Suite # 597- Private Bag X10 Elardus Pretoria 0047,,Suite C. Rubenstein Ridge. 617 Rubenstein Drive. Moreleta Park. Pretoria. Gauteng. 0181,Lindie Marx,,,Import &amp; Export
254228,Certificate_Product_Registration,Access Pharma SA (Pty) Ltd,17/01/2025,mike@baobabhc.com or ismail@baobabhc.com ,17/01/2030,,0000001480.-.1,082 738 0656 or 073 661 6338,Postnew Suite 1240. Private Bag X1007. Lyttleton. Gauteng. 0517,,Building 10. Centuria Park. 265 Von Willich Avenue. Centurion. Gauteng. 0157,Ismail Ballim,,,Import
254229,Certificate_Product_Registration,Acino Pharma (Pty) Ltd (formerly Litha Pharma (Pty) Ltd),23/07/2025,Eugene.louw@acino.swiss,23/07/2030,,0000001088.-.7,27 663 047 007,P O Box 8356. Midrand. Johannesburg. Gauteng. 1685,,106 16th Road. Midrand. Johannesburg. Gauteng. 1686,Eugene Eric Louw,,,Import &amp; Export
254230,Certificate_Product_Registration,ACS Pharmaceuticals (Pty) Ltd,20/05/2025,viral.desai@acspharma.com,20/05/2030,,0000001488.-.1,010 060 0744 or 082 455 5241,Pharma HQ. Corner Barbara and North Reef Road. Elandsfontien. Germiston. Johannesburg. Gauteng. 1601,,Pharma HQ. Corner Barbara and North Reef Road. Elandsfontien. Germiston. Johannesburg. Gauteng. 1601,Viral Natvarlal Desai,,,Import &amp; Export
254231,Certificate_Product_Registration,Activo Health (Pty) Ltd,30/09/2021, haroun@activo.co.za,30/09/2026,,0000001094.-.8,27128487600,02 Waterford Mews. Waterford Place. Century City. Cape Town. Western Cape. 7441,,02 Waterford Mews. Waterford Place. Century City. Cape Town. Western Cape. 7441,Haroun Geyer,,,Import &amp; Export
254232,Certificate_Product_Registration,Adcock Ingram Limited ,14/07/2022,Deon.poovan@adcock.com,14/07/2027,,0000000947.-.14,011 635 0429 or 060 550 4172,Private Bag X69. Bryanston. Johannesburg. Gauteng. 2021,,1 New Road. Erand Gardens. Midrand. Gauteng. 1685,Deon Poovan,,,Import &amp; Export
254233,Certificate_Product_Registration,Adven Pharma (Pty) Ltd,07/01/2022,vanita.koen@advenpharma.co.za ,07/01/2027,,0000001408.-.1,27 828 173 185,Alpha House. Ballywoods Office Park. 33 Ballyclare Drive. Bryanston. Gauteng 2010,,Alpha House. Ballywoods Office Park. 33 Ballyclare Drive. Bryanston. Gauteng 2010,Vinita Lerieke Koen,,,Import &amp; Export
254234,Certificate_Product_Registration,African Medicines (Pty) Ltd trading as Pakmed Self Medication,31/10/2025,sumayya@pakmed.co.za,31/10/2030,,0000000545.-.17,011 975 1405 or 082 301 3466,Block E. MSI Business Park. 68 Rigger Road. Spartan. Kempton Park. Gauteng. 1619,,Block E. MSI Business Park. 68 Rigger Road. Spartan. Kempton Park. Gauteng. 1619,Sumayya Moosa,,, Export Only
254235,Certificate_Product_Registration,African Rx Enterprises (Pty) Ltd,14/04/2025,rp@africanregulatoryexperts.co.za,14/04/2030,,0000001486.-.2,27 725 025 109,Building 2. Villebois Office Park. Corner of Jacques Street and De Villebois Mareuil Drive. Moreleta Park. Pretoria. Gauteng. 0181,,Building 2. Villebois Office Park. Corner of Jacques Street and De Villebois Mareuil Drive. Moreleta Park. Pretoria. Gauteng. 0181,Leneri du Toit,,,Import &amp; Export
254236,Certificate_Product_Registration,AfriPharm South Africa (Pty) Ltd,29/06/2022,kovilin@afripharm.org ,29/06/2027,,0000001419.-.1,27 791 093 473,12 Riverwalk Fernbrook Estate. Inchanga Road. Fourways. Johannesburg. 2191,,12 Riverwalk Fernbrook Estate. Inchanga Road. Fourways. Johannesburg. 2191,Kovilin Govender,,,Import &amp; Export
254237,Certificate_Product_Registration,Afrivet Business Management (Pty) Ltd,07/12/2021,sorita.mann@afrivet.co.za,07/12/2026,,0000001198.-.5,27 128 179 060,Afrivet Warehouse. 921 Lynnwood Road. Equestria. Pretoria. Gauteng. 0184,,Afrivet Warehouse. 921 Lynnwood Road. Equestria. Pretoria. Gauteng. 0184,Caryl Louise Wilson,,,Import &amp; Export
254238,Certificate_Product_Registration,AFT Pharmaceuticals SA (Pty) Ltd (formerly Elle Pharm (Pty) Ltd),03/10/2023,vhansen@edgepharm.com,03/10/2028,,0000001448.-.2,27 832 720 004,Suite A. Rubenstein Ridge. 617 Rubenstein Drive. Moreleta Park. Gauteng. 0181,,Suite A. Rubenstein Ridge. 617 Rubenstein Drive. Moreleta Park. Gauteng. 0181,Sanette Benecke,,,Import
254239,Certificate_Product_Registration,Alcon Laboratories (South Africa) (Pty) Ltd,03/10/2024,regaffairs.za@alcon.com and avanthi.govenderbester@alcon.com ,03/10/2029,,0000000697.-.11,011 840 2300 or 083 454 5463,Hertford Office Park. Building L. 90 Bekker Road. Vorna Valley. Johannesburg. Gauteng. 1686,,Hertford Office Park. Building L. 90 Bekker Road. Vorna Valley. Johannesburg. Gauteng. 1686,Avanthi Govender Bester,,,Import &amp; Export
254240,Certificate_Product_Registration,Amgen South Africa (Pty) Ltd,18/09/2024,pnaicker@amgen.com ,18/09/2029,,0000001150.-.4,27 611 447 877,Building 4. Healthcare Park. Woodlands Drive. Woodmead. Johannesburg. Gauteng. 2191,,Building 4. Healthcare Park. Woodlands Drive. Woodmead. Johannesburg. Gauteng. 2191,Preshan Naicker,,,Import &amp; Export
254241,Certificate_Product_Registration,Amicis Health (Pty) Ltd,13/05/2024,regulatory@amicishealth.co.za or info@amicishealth.co.za ,13/05/2029,,0000001461.-.2,27 798 969 930,265 Von Willich Avenue. Centuria Park. Building 10. Die Hoewes. Centurion. Gauteng. 0157,,265 Von Willich Avenue. Centuria Park. Building 10. Die Hoewes. Centurion. Gauteng. 0157,Simoné Scheepers,,,Import &amp; Export
254242,Certificate_Product_Registration,Amka Pharmaceuticals (Pty) Ltd,26/01/2026,nazirk@amka.co.za ,26/01/2031,,0000001046.-.10,2712 676 0476,17 Ellman Street. Suderland Ridge. Centurion. Pretoria. Gauteng. 0001,,17 Ellman Street. Suderland Ridge. Centurion. Pretoria. Gauteng. 0001,Nazir Abdul Settar Kalla,,,Import &amp; Export
254243,Certificate_Product_Registration,Ando Pharma (Pty) Ltd,07/04/2022,craig@andopharma.co.za,07/04/2027,,0000001204.-.4,27 849 406 480,P O Box 6286. Parow East. Cape Town. 7501,,Unit 3. No. 5 Weld Street. Stikland. Bellville. Cape Town. Western Cape. 7530,Craig Daryl Braaf,,,Import. Export and (own storage &amp; dstribution) 
254244,Certificate_Product_Registration,Apothecon Labs cc.,18/05/2022,HBHIKHA2@YAHOO.COM,18/05/2027,,0000001103.-.5,27 828 737 985,P O Box 490. Crown Mines. Johannesburg. 2025,,No 72 4th Street. Booysens Reserve. Johannesburg. 2091,Nasreen Limbada,,,Import only
254245,Certificate_Product_Registration,Arya Pharma (Pty) Ltd,09/10/2025,viral@aryapharma.co.za or ishita@aryapharma.co.za ,09/10/2030,,0000001372.-.3,010 060 0743 or 2772 737 7008,Pharma HQ Corner Barbara and North Reef Road. Elandsfontein. Henville. Germiston. Johannesburg. Gauteng. 1601,,Pharma HQ Corner Barbara and North Reef Road. Elandsfontein. Henville. Germiston. Johannesburg. Gauteng. 1601,Ishita Kainth Kaushal,,,Import &amp; Export
254246,Certificate_Product_Registration,Ascend Laboratories (Pty) Ltd (Formerly Alkem),27/09/2024,pharmacist.rsa@alkem.com ,27/09/2029,,0000001057.-.11,27102760037,Office 7.6. 7th Floor Sandton City Office Tower. Corner Rivonia Road and 5th Street. Sandton. Gauteng. 2196,,Office 7.6. 7th Floor Sandton City Office Tower. Corner Rivonia Road and 5th Street. Sandton. Gauteng. 2196,Refilwe Suzan Malatsi,,,Import &amp; Export
254247,Certificate_Product_Registration,Ascendis Pharma (Pty) Ltd,05/12/2023, regulatory@ascpharma.co.za ,05/12/2028,,0000000983.-.17,011 611 1456 or 083 611 1244,Lochhouse Unit 3. 5 Eton Road. Parktown. Johannesburg. Gauteng. 2193,,Lochhouse Unit 3. 5 Eton Road. Parktown. Johannesburg. Gauteng. 2193,Ayshabibi Ismail Ebrahim,,,Import &amp; Export
254248,Certificate_Product_Registration,Ascendis Supply Chain (Pty) Ltd (formerly known as Pharma Natura (Pty) Ltd),08/04/2025,rudi.griezel@ascendishealth.com or dawn.keswa@ascendishealth.com ,08/04/2030,,0000000603.-.12,27 716 828 255,1 Carey Street. Wynberg. Sandton. Gauteng. 2090,,1 Carey Street. Wynberg. Sandton. Gauteng. 2090,Dawn Keswa,,,Import &amp; Export
254249,Certificate_Product_Registration,Astellas Pharma (Pty) Ltd,12/03/2024,Shamima.rashid@astellas.com ,12/03/2029,,0000000554.-.12,27 11 615 9433,7 Mirage Road. Bedfordview. Johannesburg. Gauteng. 2008,,7 Mirage Road. Bedfordview. Johannesburg. Gauteng. 2008,Shamima Rashid,,,Import &amp; Export
254250,Certificate_Product_Registration,Astral Pharma (Pty) Ltd (Formerly Regipharm),01/09/2022,rp@astralpharma.co.za,01/09/2027,,0000001203.-.4,27 825 756 121,49 Riboville Road. Randjiesfontein. Midrand. Gauteng. 1683,,49 Riboville Road. Randjiesfontein. Midrand. Gauteng. 1683,Claudette Teresa Bartlett,,,Import &amp; Export
254251,Certificate_Product_Registration,AstraZeneca Pharmaceuticals (Pty) Ltd,07/03/2023,andiswa.lawana1@astrazeneca.com,07/03/2028,,0000000957.-.11,27 117 976 052,Building 2. Northdowns Office Park. 17 Georgian Crescent West. Bryanston. Gauteng. 2191,,Building 2. Northdowns Office Park. 17 Georgian Crescent West. Bryanston. Gauteng. 2191,Andiswa Lawana,,,Import &amp; Export
254252,Certificate_Product_Registration,Aurobindo Pharma (Pty) Ltd,28/01/2022,berenice.campbell@aurobindo.com,28/01/2027,,0000000866.-.12,118679100,Postnet Suite #17. Private Bag X1569. Glenvista. 2058,,Woodhill Office Park- Building 1- 53 Philip Engelbrecht Avenue- Meyersdal- 1448,Berenice Campbell,,,Import &amp; Export
254253,Certificate_Product_Registration,Aurogen South Africa (Pty) Ltd,17/11/2022,Samantha.chengiah@aurogensa.co.za ,17/11/2027,,0000001284.-.2,011 867 9110 and 011 867 9100 ,P O Box 343- Parklands- Johannesburg- 2121,,Woodhill Office Park- Building 1. 53 Philip Engelbrecht Avenue- Meyersdal- 1448,Samantha Pillay Chengiah,,,Import &amp; Export
254254,Certificate_Product_Registration,Austell Pharmaceuticals (Pty) Ltd (Formerly Austell Laboratories),10/04/2024,Smahomed@austell.co.za ,10/04/2029,,0000000589.-.16,27 116 111 400,1 Sherborne Road. Parktown. Johannesburg. Gauteng. 2193,,1 Sherborne Road. Parktown. Johannesburg. Gauteng. 2193,Shehnaz Mahomed,,,Import &amp; Export
254255,Certificate_Product_Registration,Avid Brands S.A. (Pty) Ltd,17/06/2025,carla@avidbrands.com,17/06/2030,,0000001166.-.3,27317652045,Suite 9 Hillcrest Office Park. 2 Old Main Road. Hillcrest. Kwa Zulu Natal. 3610,,Suite 9 Hillcrest Office Park. 2 Old Main Road. Hillcrest. Kwa Zulu Natal. 3610,Carla Hall,,,Import &amp; Export
254256,Certificate_Product_Registration,AXIM Pharmaceuticals (Pty) Ltd,21/05/2024,Tinashec@axim.co.za,21/05/2029,,0000000216.-.22,27113140140,AXIM House. 63 Old Pretoria Main Road. Halfway House. Midrand. Gauteng. 1685,,AXIM House. 63 Old Pretoria Main Road. Halfway House. Midrand. Gauteng. 1685,Tinashe Chinoingira,,,Import &amp; Export
254257,Certificate_Product_Registration,Azinga Pharmaceuticals (Pty) Ltd,14/07/2022,maides@azingapharma.co.za,14/07/2027,,0000001422.-.2,082 565 7037 or 012 345 1747,100 Sovereign Drive (Office 4. 1st Floor. Clinigen SA Building). Route 21 Corporate Park. Nellmapius Drive. Irene. Pretoria. 0157,,100 Sovereign Drive (Office 4. 1st Floor. Clinigen SA Building). Route 21 Corporate Park. Nellmapius Drive. Irene. Pretoria. 0157,Maides Jansen van Rensburg,,,Import &amp; Export
254258,Certificate_Product_Registration,B. Braun Medical (Pty) Ltd,22/08/2024,Lulamile.mangaliso@bbraun.com ,22/08/2029,,00000000470.-.16,27 664 702 948,P O Box 1787. Randburg. 2125,,253 Aintree Avenue. Hoogland Ext 41. Northriding. Johannesburg. Gauteng. 2194,Lulamile Mangaliso,,,Import &amp; Export
254259,Certificate_Product_Registration,Baxter Healthcare South Africa (Pty) Ltd,15/03/2024,colin_atkinson@baxter.com ,15/03/2029,,0000001135.-.6,27 117 902 001,P O Box 70562. Bryanston. Johannesburg. Gauteng. 2021,,Eden Gardens – The Campus. 57 Sloane Street. Corner Main Road. Bryanston. Johannesburg. Gauteng. 2021,Babalwa Nontokozo Pamla,,,Import &amp; Export
254260,Certificate_Product_Registration,Bayer (Pty) Ltd t/a Bayer Healthcare,25/07/2025,eric.chauke@bayer.com ,25/07/2030,,0000000620.-.19,011 921 5549 or 082 821 5344,Collaboration Hub. 1st Floor. Waterfall Circle. 9 Country Estate Drive. Waterfall City. Midrand. Gauteng. 2090,,Collaboration Hub. 1st Floor. Waterfall Circle. 9 Country Estate Drive. Waterfall City. Midrand. Gauteng. 2090,Eric Chauke,,,Import &amp; Export
254261,Certificate_Product_Registration,Bennetts The Chemists (Pty) Ltd,10/09/2025,Shenaz@colic.co.za ,10/09/2030,,0000001077.-.5,011 608 3733 or 082 337 0854,P O Box 76076. Wendywood. 2144,,16 Galaxy Avenue. Linbro Business Park. Linbro Park. Sandton. Gauteng. 2065,Shenaz Bacus,,,Export
254262,Certificate_Product_Registration,BeOne Medicines South Africa (Pty) Ltd (formerly BeiGene South Africa (Pty) Ltd),23/11/2022, nadia.kahts@beonemed.com,23/11/2027,,0000000653.-.13,27 765 090 279,VilleBois Office Park. Building 2 – 920 De Ville Bois Mareuil Drive. Moreleta Park X36. Pretoria. Gauteng. 0044,,VilleBois Office Park. Building 2 – 920 De Ville Bois Mareuil Drive. Moreleta Park X36. Pretoria. Gauteng. 0044,Nadia Kahts,,,Import &amp; Export
254263,Certificate_Product_Registration,Beta Pharmaceuticals cc,20/05/2022,henriette@betapharm.co.za,20/05/2027,,00000000707.-.5,27 413 781 189,17 Seaway Avenue. Kini Bay. Port Elizabeth. 6050,,17 Seaway Avenue. Kini Bay. Port Elizabeth. 6050,Henriette Rust,,,Import &amp; Export
254264,Certificate_Product_Registration,BGM Pharmaceuticals (Pty) Ltd,17/04/2023,lerato@bgmpharma.co.za ,17/04/2028,,0000001276.-.2,27 116 242 823,Bergzicht Office Park. 5 Rooibok Avenue. Allen’s Nek Ext 45. Roodepoort. Gauteng. 1709,,Bergzicht Office Park. 5 Rooibok Avenue. Allen’s Nek Ext 45. Roodepoort. Gauteng. 1709,Lerato Mathabelo Makha,,,Import &amp; Export
254265,Certificate_Product_Registration,Biomab Innovation (Pty) Ltd,16/09/2021,melani@biomab.co.za ,16/09/2026,,0000001390.-.1,083 414 2313,3 Stirrup Lane. Woodmead Office Park. Van Reenens Ave. Woodmead. 2144,,3 Stirrup Lane. Woodmead Office Park. Van Reenens Ave. Woodmead. 2144,Elzet Fourie,,,Import &amp; Export
254266,Certificate_Product_Registration,Biosphere Pharmaceuticals (Pty) Ltd,03/12/2025,pharmacist@biospherepharmaceuticals.co.za ,03/12/2030,,0000001501.-.1,27 824 412 080,125 Meade Street. Bodorp. George. Western Cape. 6529,,125 Meade Street. Bodorp. George. Western Cape. 6529,Lindi Karstens,,,Import &amp; Export
254267,Certificate_Product_Registration,Biotech Laboratories (Pty) Ltd,18/03/2024,info@biotechlabs.co.za or motshabi@biotechlabs.co.za,18/03/2029,,0000000237.-.15,27 827 712 251,Suite 150- Private Bag X65- Halfway House- Midrand. Gauteng. 1685,,400 16th Road. Ground Floor. Block K West. Central Park. Randjespark. Midrand. Gauteng. 1685,Motshabi Rose Evodiah Kgantsi,,,Import &amp; Export
254268,Certificate_Product_Registration,BioVerity Pharmaceuticals (Pty) Ltd,04/02/2025,armandt@bioverity.co.za,04/02/2030,,0000001481.-.1,27 730 979 445,36 Sovereign Drive. Route 21 Corporate Park. Irene. Gauteng. 0157,,36 Sovereign Drive. Route 21 Corporate Park. Irene. Gauteng. 0157,Aretha Els,,,Import &amp; Export
254269,Certificate_Product_Registration,Bliss Pharmaceuticals (Pty) Ltd,09/09/2025,regulatory@blissholdings.co.za,09/09/2030,,0000001014.-.1,087 265 9411 and 076 473 3576,P O Box 1116. Bassonia. Johannesburg. Gauteng. 2061,,Moshabi Suites. 57A Basroyd Drive. Bassonia. Johannesburg. Gauteng. 2061,Mashudu Constance Tloubatla,,,Import &amp; Export
254270,Certificate_Product_Registration,Boehringer Ingelheim Animal Health South Africa (Pty) Ltd (Formerly Merial),07/11/2024,toni-ann.williams@boehringer-ingelheim.com,07/11/2029,,0000000235.-.18,011 348 2507 or 083 226 3366,Private Bag X3032. Randburg. Gauteng. 2125,,Suite 2. Building 4. 2nd Floor. Waterfall Corporate Campus. 74 Waterfall Drive. Midrand. Gauteng. 2066,Toni-Ann Williams,,,Import &amp; Export
254271,Certificate_Product_Registration,Brunel Laboratoria (Pty) Ltd,12/04/2023,suzelle@brunel.co.za ,12/04/2028,,0000000230.-.16,2712 666 8994,1 Van Tonder Street. Sunderland Ridge. Centurion. Gauteng. 0157,,1 Van Tonder Street. Sunderland Ridge. Centurion. Gauteng. 0157,Suzelle Carlien Myburgh,,,Import &amp; Export
254272,Certificate_Product_Registration,Camox Pharmaceuticals (Pty) Ltd,15/10/2024,irefaanm@austell.co.za ,15/10/2029,,0000000559.-.18,27 116 111 400,1 Sherborne Road. Parktown. Johannesburg. Gauteng. 2193,,1 Sherborne Road. Parktown. Johannesburg. Gauteng. 2193,Mahomed Irefaan Mahomed,,,Import &amp; Export
254273,Certificate_Product_Registration,Ceva Animal Health (Pty) Ltd,15/08/2025,Nhlanhla.mhangwane@ceva.com,15/08/2030,,0000000981.-.7,011 312 4088 or 079 500 5372 and 082 895 1509 or 078 150 3490,Office 2. Building 16. Constantia Office Park. 546 16th Road. Randjespark. Midrand. Gauteng.1685,,Office 2. Building 16. Constantia Office Park. 546 16th Road. Randjespark. Midrand. Gauteng.1685,Nhlanhla Evans Mhangwane,,,Import &amp; Export
254274,Certificate_Product_Registration,CFAO Healthcare South Africa (Pty) Ltd (formerly Opella Healthcare South Africa (Pty) Ltd),04/06/2021,momarjee@cfao.com,04/06/2026,,0000001385.-.4,27 823 256 724,Atrium on 5th . 6th Floor. Sandton City. Corner Maude and 5th Street. Sandton. Gauteng. 2146,,Atrium on 5th . 6th Floor. Sandton City. Corner Maude and 5th Street. Sandton. Gauteng. 2146,Momeena Omarjee,,,Import &amp; Export
254275,Certificate_Product_Registration,Cipla Medpro (Pty) Ltd,16/05/2024,Praba.Thandrind@cipla.com ,16/05/2029,,0000000672.-.15,27 113 159 150,Building 2. Junxion Park. 10 Elephant Lane. Century City. Cape Town. Western Cape. 7441,,Building 2. Junxion Park. 10 Elephant Lane. Century City. Cape Town. Western Cape. 7441,Prabavathie Thandrind,,,Import &amp; Export
254276,Certificate_Product_Registration,Cospharm Investments (Pty) Ltd,25/02/2025,rp@cospharm.org,25/02/2030,,0000001335.-.5,27101109348,2 Concourse Crescent. Lonehill. Sandton. Johannesburg. Gauteng. 2062,,2 Concourse Crescent. Lonehill. Sandton. Johannesburg. Gauteng. 2062,Vibha Desai,,,Import &amp; Export
254277,Certificate_Product_Registration,Crux Pharmaceuticals (Pty) Ltd,11/12/2024,ajit.mangalmurti@cruxpharm.com or veni.padayachee@cruzpharm.com ,11/12/2029,,0000001064.-.7,27828051191,630 Jacqueline Drive. Garsfontein. Pretoria. Gauteng. 0042,,630 Jacqueline Drive. Garsfontein. Pretoria. Gauteng. 0042,Neelaveni Padayachee,,,Import &amp; Export
254278,Certificate_Product_Registration,Curanto Pharma (Pty) Ltd,18/02/2021,regulatory@curantopharma.co.za ,18/02/2026,,0000001371.-.1,012 004 0913,P O Box 93. Wierda Park. Centurion. 0149,,Soetdoring Office Park. First Floor. 7 Protea Street. Doringkloof. Centurion. 0157,Marguerite Annette Els,,,Import &amp; Export
254279,Certificate_Product_Registration,Delfran (Pty) Ltd,01/02/2024,qa@delfran.co.za and fif@delfran.co.za,01/02/2029,,0000001055.-.7,2712 654-3029,Unit 7. Diamond Park. 70 Jacaranda Street. Hennopspark. Centurion. Gauteng. 0157,,Unit 7. Diamond Park. 70 Jacaranda Street. Hennopspark. Centurion. Gauteng. 0157,Francois Ignatius Ferreira,,,Import &amp; Export
254280,Certificate_Product_Registration,Dr Reddy's Laboratories (Pty) Ltd,16/04/2024,herman@drreddys.com,16/04/2029,,0000000197.-.17,27 113 242 100,Block C. Woodmead North Office Park. 54 Maxwell Drive. Woodmead. Sandton. Gauteng. 2191,,Block C. Woodmead North Office Park. 54 Maxwell Drive. Woodmead. Sandton. Gauteng. 2191,Herman Beyers,,,Import &amp; Export
254281,Certificate_Product_Registration,Eisai Pharmaceuticals Africa (Pty) Ltd,03/10/2023,Epa-compliance@eisai.co.za ,03/10/2028,,0000001447.-.2,27825771102 and 082 871 4240,Private Bag X 60500. Houghton. Johannesburg. Gauteng. 2041,,2nd Floor. Golden Oaks. Ballyoaks Office Park. 35 Ballyclare Drive. Bryanston. Johannesburg. Gauteng. 2191,Jana Potgieter,,,Import &amp; Export
254282,Certificate_Product_Registration,Elanco Animal Health (Pty) Ltd,17/09/2025,Nishal.gunpath@elancoah.com and nosipho.cebisa@elancoah.com ,17/09/2030,,0000001362.-.3,082 805 6474 and 082 645 2206,Southdowns Ridge Office Park. Block A. John Foster &amp; Nellmapius. Irene Ext 54. Centurion. Gauteng. 0157,,Southdowns Ridge Office Park. Block A. John Foster &amp; Nellmapius. Irene Ext 54. Centurion. Gauteng. 0157,Nosipho Charlotte Cebisa,,,Import &amp; Export
254283,Certificate_Product_Registration,Eli Lilly (S.A.) (Pty) Ltd,12/09/2024,partridge_gina@lilly.com,12/09/2029,,0000000178.-.21,27 832 676 206,Private Bag X119. Bryanston. Johannesburg. Gauteng. 2021,,First Floor. Golden Oak House (Building E). Ballyoaks Office Park. 35 Ballyclare. Drive. Bryanston. Johannesburg. 2191,Gina Sophia Juliana Partridge,,,Import &amp; Export
254284,Certificate_Product_Registration,Elttab Pharmaceutical CC trading as Elttab Pharmaceuticals,30/05/2024,battle@iafrica.com ,30/05/2029,,0000001015.-.6,021 852 4118 or 083 654 5400,Suite 6. Helderberg Building. 76 Andries Pretorius Street. Somerset West. Western Cape. 7130,,Suite 6. Helderberg Building. 76 Andries Pretorius Street. Somerset West. Western Cape. 7130,Kalpana Prag,,,Import &amp; Export
254285,Certificate_Product_Registration,Emcure Pharmaceuticals South Africa (Pty) Ltd,29/05/2025,Nabeel.Flear@emcure.com,29/05/2030,,0000001118.-.7,2711 8677274,P O Box 2099. Mondeor. Johannesburg South. Gauteng. 2110,,Arizona House. 1st Floor. South Wing. Aspen Business Park. 1 Madison Avenue. Aspen Lakes. Ext 13. Johannesburg South. Gauteng. 2190,Nicholas Bruce Flear,,,Import &amp; Export
254286,Certificate_Product_Registration,Encha Health (Pty) Ltd,26/07/2022,SediseM@encha.co.za ,26/07/2027,,0000001423.-.2,27 113 122 223,Building 3. Magwa Crescent West. Maxwell Office Park. Waterfall City. Midrand. 2090,,Building 3. Magwa Crescent West. Maxwell Office Park. Waterfall City. Midrand. 2090,Sanette Benecke,,, Import &amp; Export
254287,Certificate_Product_Registration,Epiglo Pharmaceuticals (Pty) Ltd (formerly Medivision (Pty) Ltd),10/01/2025,zipho@epiglopharma.com,10/01/2030,,0000000479.-.9,27 663 911 485,Allandale Building. First Floor. 23 Magwa Crescent. Waterfall City. Gauteng. 1685,,Allandale Building. First Floor. 23 Magwa Crescent. Waterfall City. Gauteng. 1685,Ziphozonke Purity Lungile Langatshe,,,Import &amp; Export
254288,Certificate_Product_Registration,Equity Pharmaceutical (Pty) Ltd,15/02/2024,jeanne@equitypharma.co.za ,15/02/2029,,0000000205.-.18,2712 345 1593 or 345 1747,100 sovereign Drive- Route 21 Corporate Park- Nellmapius Road- Irene- Pretoria- 0041,,100 sovereign Drive- Route 21 Corporate Park- Nellmapius Road- Irene- Pretoria- 0041,Jeanne Maré,,,Import &amp; Export
254289,Certificate_Product_Registration,Eurolab (Pty) Ltd ,18/12/2023,melani@eurolab.co.za or info@eurolab.co.za ,18/12/2028,,0000001136.-.3,083 414 2313 or 011 656 0031,3 Stirrup Lane. Woodmead Office Park. Van Reenans Avenue. Woodmead. Sandton. Johannesburg. Gauteng. 2144,,3 Stirrup Lane. Woodmead Office Park. Van Reenans Avenue. Woodmead. Sandton. Johannesburg. Gauteng. 2144,Melani Hendricks,,,Import &amp; Export
254290,Certificate_Product_Registration,Evohealth (Pty) Ltd (formerly Valotype 248 cc trading as Vortex),14/04/2025,jayslen@evohealth.co.za,14/04/2030,,0000001164.-.5,27116563338,11 Jacaranda Street. Lords View Industrial Park. Chloorkop. Midrand. Gauteng. 1619,,11 Jacaranda Street. Lords View Industrial Park. Chloorkop. Midrand. Gauteng. 1619,Jayslen Naidoo,,,Import &amp; Export
254291,Certificate_Product_Registration,Fair Deal Corporation Pharmaceutical SA (Pty) Ltd t/a FDC SA (Pty) Ltd,15/09/2025,Reshma.joshi@fdcsa.com,15/09/2030,,0000001145.-.8,012 021 0332 or 084 608 2447,Unit J3. The Willows Office Park. Farm Road. The Willows. Pretoria East. Gauteng. 0081,,Unit J3. The Willows Office Park. Farm Road. The Willows. Pretoria East. Gauteng. 0081,Reshma Joshi,,,Import &amp; Export
254292,Certificate_Product_Registration,Ferring (Pty) Ltd,15/02/2024,CARS@ferring.com,15/02/2029,,0000000200.-.12,27834482614,6 Regency Drive. Route 21 Corporate Park. Irene Ext 30. Pretoria. Gauteng. 0157,,6 Regency Drive. Route 21 Corporate Park. Irene Ext 30. Pretoria. Gauteng. 0157,Carine Siecker,,,Import &amp; Export
254293,Certificate_Product_Registration,Forrester Pharma (Pty) Ltd,16/08/2024,fatima.booysen@forresterpharma.com ,16/08/2029,,0000001163.-.4,2721 943 0600 and 078 450 5801 F73,2 Waterford Mews. Waterford Place. Century City. Cape Town. Western Cape. 7441,,2 Waterford Mews. Waterford Place. Century City. Cape Town. Western Cape. 7441,Fatima Booysen,,,Import &amp; Export
254294,Certificate_Product_Registration,Fresenius Medical Care South Africa (Pty) Ltd,09/03/2021,sibabini.khatsha@freseniusmedicalcare.com,09/03/2026,,0000001059.-.6,27114579331,Private Bag X10039. Edenvale. 1610,,9 Galaxy Avenue. Linbro Business Park. Linbro Park. Johannesburg. 2090,Sibabini Khatsha,,,Import &amp; Export
254295,Certificate_Product_Registration,Galderma Laboratories South Africa (Pty) Ltd,03/07/2024,kamentha.seolall@galderma.com,03/07/2029,,0000000650.-.10,011 706 2339 or 065 645 7714,P O Box 71150. Bryanston. Gauteng. 2021,,Nicol Main Office Park. Block C. First Floor. Futurespace. 2 Bruton Road. Bryanston. Gauteng. 2191,Kamentha Seolall,,,Import &amp; Export
254296,Certificate_Product_Registration,GE Healthcare (Pty) Ltd,09/09/2024,Leratomathabelo.makha@gehealthcare.com ,09/09/2029,,0000000250.-.16,2 839 998 067,Office Suite BOG. Ground Floor Level. Building B. Stoneridge Office Park 8. Greenstone Place. Greenstone Hill. Johannesburg. Gauteng. 1609,,Office Suite BOG. Ground Floor Level. Building B. Stoneridge Office Park 8. Greenstone Place. Greenstone Hill. Johannesburg. Gauteng. 1609,Lerato Mathabelo Makha,,,Import &amp; Export
254297,Certificate_Product_Registration,Gen-Eye (Pty) Ltd,12/01/2024,lancel@gen-eye.co.za or harshag@gen-eye.co.za ,12/01/2029,,0000001302.-.2,2711 312-3812,Unit 7 Royal Palm Business Estate- 646 Washington Street- halfway House- midrand- 1685,,Unit 7 Royal Palm Business Estate- 646 Washington Street- halfway House- midrand- 1685,Harsha Gopal Jivan,,,Import &amp; Export
254298,Certificate_Product_Registration,Genop Healthcare (Pty) Ltd,25/01/2025,malefaso.motaung@adcock.com ,25/01/2030,,0000000175.-.21,2711 635 0440 or +27836003153 ,PO Box 3911. Halfway House. Midrand. Johannesburg. Gauteng. 1685,,1 New Road. Corner New &amp; 7th Street. Midrand. Johannesburg. Gauteng. 1685,Malefaso Precious Motaung,,,Import &amp; Export
254299,Certificate_Product_Registration,Gilead Sciences South Africa (Pty) Ltd,12/03/2025,ingrid.duvenhage@gilead.com,12/03/2030,,0000001354.-.3,27 842 983 706,P O Box 2836. Sunninghill West. Johannesburg. Gauteng. 2157,,Ground Floor Mac Mac Building. Maxwell Office Park. Magwa Crescent. Waterfall. Midrand. Gauteng. 2090,Ingrid Duvenhage,,,Import &amp; Export
254300,Certificate_Product_Registration,GlaxoSmithKline South Africa (Pty) Limited,12/02/2026,zanele.x.peter@gsk.com and susan.x.cartwright@gsk.com,12/02/2031,,0000001200.-.6,O106910430,No 1 Bridgeway Road. Bridgeways Precinct. Century City. Cape Town. Western Cape. 7441,,No 1 Bridgeway Road. Bridgeways Precinct. Century City. Cape Town. Western Cape. 7441,Zanele Honjiswa Peter,,,Import &amp; Export
254301,Certificate_Product_Registration,Glenmark Pharmaceuticals South Africa (Pty) Ltd,18/07/2025,priya.bawa@glenmarkpharma.com,18/07/2030,,0000000297.-.18,2711 564-3900,P O Box 5537. Halfway House. Midrand. Gauteng. 1685,,2nd Floor. Building D. Stoneridge Office Park. 8 Greenstone Place. Greenstone. Edenvale. Gauteng. 1609,Priya Bawa,,,Import &amp; Export
254302,Certificate_Product_Registration,Guerbet South Africa (Pty) Ltd,16/01/2024,mia.louw@guerbet.com or karen.vanrensburg@guerbet.com ,16/01/2029,,0000001147.-.8, 010 045 0300 or 083 271 8039 and 27822669272,Hertford Office Park. Building I. 90 Bekker Road. Vorna Valley. Midrand. Gauteng. 1682,,Hertford Office Park. Building I. 90 Bekker Road. Vorna Valley. Midrand. Gauteng. 1682,Karen van Rensburg,,,Import &amp; Export
254303,Certificate_Product_Registration,Gulf Drug Company (Pty) Ltd,11/04/2024,rp@gulfdrug.co.za ,11/04/2029,,0000000699.-.11,27 829 417 152,22 Burnside Drive. Old Mill Industrial Park. Mount Edgecombe. KwaZulu-Natal. 4300,,22 Burnside Drive. Old Mill Industrial Park. Mount Edgecombe. KwaZulu-Natal. 4300,Kristin Holmes,,,Import &amp; Export
254304,Certificate_Product_Registration,H. Lundbeck (Pty) Ltd,12/04/2024,AVML@lundbeck.com,12/04/2029,,0000000570.-.12,011 699 1600 and 067 422 5170,Office A1002. First Floor. Knightsbridge. 33 Sloane Street. Bryanston. Johannesburg. Gauteng. 2190,,Office A1002. First Floor. Knightsbridge. 33 Sloane Street. Bryanston. Johannesburg. Gauteng. 2190,Avril Mamosole Molefe,,,Import &amp; Export
254305,Certificate_Product_Registration,Hetero Drugs South Africa (Pty) Ltd,19/07/2021,nokuthula.n@heterodrugs.com ,19/07/2026,,0000001102.-.5,012 621 4300,Waterfall Corporate Campus. Building 2. First Floor. 74 Waterfall Drive. Midrand. 2066,,Waterfall Corporate Campus. Building 2. First Floor. 74 Waterfall Drive. Midrand. 2066,Nokuthula Dube,,,Import &amp; Export
254306,Certificate_Product_Registration,Huvepharma South Africa (Pty) Ltd ,23/01/2026,Dean.Hewson@huvepharma.com ,23/01/2031,,0000001383.-.2,011 027 1323,Block 3. Suite 2. Ruimsig Office Estate. 592 Hole in one Avenue. Ruimsig. 1724,,Block 3. Suite 2. Ruimsig Office Estate. 592 Hole in one Avenue. Ruimsig. 1724,Sarel Jacobus Brand,,,Import &amp; Export
254307,Certificate_Product_Registration,Imperial Market Access Healthcare SA (Pty) Ltd (formerly known as Eden Pharma (Pty) Ltd),27/06/2024,rp.sa.sm@dpworld.com ,27/06/2029,,0000001060.-.8,27 722 077 375,Ground Floor. Office Park. 57 Sarel Baard Crescent. Gateway Industrial Park. Rooihuiskraal. Centurion. Gauteng. 0154,,Ground Floor. Office Park. 57 Sarel Baard Crescent. Gateway Industrial Park. Rooihuiskraal. Centurion. Gauteng. 0154,Marlienka Cloete,,,Import &amp; Export
254308,Certificate_Product_Registration,Ingelheim Pharmaceuticals (Pty) Ltd,12/08/2024,Haseena.seedat@boehringer-ingelheim.com,12/08/2029,,0000000173.-.19,O835036936,Suite 1. Building 4. 2nd Floor. Waterfall Corporate Campus. 74 Waterfall Drive. Midrand. Johannesburg. Gauteng. 2066,,Suite 1. Building 4. 2nd Floor. Waterfall Corporate Campus. 74 Waterfall Drive. Midrand. Johannesburg. Gauteng. 2066,Haseena Seedat,,,Import &amp; Export
254309,Certificate_Product_Registration,Innovata Pharmaceuticals (Pty) Ltd,16/04/2024,grace@innovata.co.za ,16/04/2029,,0000000677.-.16,27 869 990 912,100 Northern Parkway Street. Crownwood Office Park. Block D. Ground Floor. Ormonde. Johannesburg. Gauteng. 2091,,100 Northern Parkway Street. Crownwood Office Park. Block D. Ground Floor. Ormonde. Johannesburg. Gauteng. 2091,Grace Job,,,Import &amp; Export
254310,Certificate_Product_Registration,iNova Pharmaceuticals (Pty) Ltd,15/02/2024,p.ramnath@inovapharma.com,15/02/2029,,0000000217.-.21,27 827 462 028,15E Riley Road. Bedfordview. Johannesburg. Gauteng. 2007,,15E Riley Road. Bedfordview. Johannesburg. Gauteng. 2007,Praenisha Ramnath,,,Import &amp; Export
254311,Certificate_Product_Registration,Intervet South Africa (Pty) Ltd,08/03/2023,jayendran.subramoney@merck.com ,08/03/2028,,0000000548.-.15,27 119 239 347,20 Spartan Road. Spartan. Kempton Park. Gauteng. 1619,,20 Spartan Road. Spartan. Kempton Park. Gauteng. 1619,Jayendran Subramoney,,,Import &amp; Export
254312,Certificate_Product_Registration,iPharma (Pty) Ltd,29/04/2024,Natalie@ipharma.co.za ,29/04/2029,,0000001148.-.3,27 832 586 226,Postnet Suite 319. Private Bag X1007. Lyttelton. Gauteng. 0140,,124 Elevation Avenue. Randjesfontein. Midrand. Gauteng. 1683,Natalie Tanya Hime,,,Import &amp; Export
254313,Certificate_Product_Registration,IPM South Africa NPC,01/06/2023,lyekani@popcouncil.org,01/06/2028,,0000001444.-.1,27 102 710 238,Woodlands Office Park. Building 16. First Floor. 20 Woodlands Drive. Woodmead. Gauteng. 2191,,Woodlands Office Park. Building 16. First Floor. 20 Woodlands Drive. Woodmead. Gauteng. 2191,Lunakazi Yekani,,,Import &amp; Export
254314,Certificate_Product_Registration,Janssen Pharmaceutica (Pty) Ltd t/a Johnson &amp; Johnson Innovative Medicine(Formerly Janssen Pharmaceutica (Pty) Ltd),02/12/2022,sbaijnat@its.jnj.com or pnarsi@its.jnj.com ,02/12/2027,,0000000900.-.16,27 115 187 091,PO Box 273. Halfway House. Midrand. Gauteng. 1685,,2 Medical Road. Halfway House. Midrand. Johannesburg. Gauteng. 1685,Shadika Baijnath,,,Import &amp; Export
254315,Certificate_Product_Registration,Jubilant Pharma SA (Pty) Ltd,05/11/2025,g-rp.sa@jubl.com ,05/11/2030,,0000001377.-.2,27 829 055 767,No. 24 Parrot Avenue. Extension 1. Lenasia. Johannesburg. Gauteng. 1820,,No. 24 Parrot Avenue. Extension 1. Lenasia. Johannesburg. Gauteng. 1820,Vinayagie Govender,,,Import &amp; Export
254316,Certificate_Product_Registration,Juno Pharma SA (Pty) Ltd,14/06/2022,rp@junopharmsa.co.za ,14/06/2027,,0000001420.-.2,010 594 5610 or 072 263 8244,3 Gwen Lane. 4th Floor. Sandton. Gauteng. 2031,,3 Gwen Lane. 4th Floor. Sandton. Gauteng. 2031,Hira Bhavik Gunvant,,,Import only
254317,Certificate_Product_Registration,KAHMA BIOTECH (Pty) Ltd (formerly Litha Vaccines(Pty) Ltd),19/04/2024,Ruth.Lasarow@kahmagroup.co.za ,19/04/2029,,0000000612.-.12,010 045 2500 or 082 569 5514,P O Box 8431- Midrand- 1685,,106 16th Road. Midrand. Gauteng. 1686,Ruth Anne Lasarow nee Kahanovitz,,,Import &amp; Export
254318,Certificate_Product_Registration,Key Oncologics (Pty) Ltd,28/06/2024,jean@keyoncologics.co.za,28/06/2029,,0000000474.-.16,27114830060,Postnet Suite 19. P O Box 92418. Norwood. Gauteng. 2117,,39 11th Avenue. Houghton Estate. Johannesburg. Gauteng. 2198,Jacobus Johannes Lambrechts,,,Import &amp; Export
254319,Certificate_Product_Registration,Kyron Animal Health (Pty) Ltd (Formerly Ascendis Animal Health (Pty) Ltd),25/03/2024,naazia.mamdoo@kyron.org,25/03/2029,,0000001312.-.5,012 661 4076 or 084 645 8510,Unit 45A.45 Parkview Street. Highway Business Park. Rooihuiskraal. Centurion. Gauteng. 0157,,Unit 45A.45 Parkview Street. Highway Business Park. Rooihuiskraal. Centurion. Gauteng. 0157,Naazia Mamdoo,,,Import &amp; Export
254320,Certificate_Product_Registration,Lamar International (Pty) Ltd,13/08/2024,naazneen@lamar.co.za,13/08/2029,,0000001162.-.5,2721 943 0600 and 078 450 5801,2 Waterford Mews. Waterford Place. Century City. Cape Town. 7441,,2 Waterford Mews. Waterford Place. Century City. Cape Town. 7441,Naazneen Chilwan,,,Import &amp; Export
254321,Certificate_Product_Registration,Lamelle Pharmaceuticals (Pty) Ltd,07/04/2025,lize@lamelle.co.za,07/04/2030,,0000001350.-.2,27 832 686 264,Postnet Suite 406. Private Bag X75. Bryanston. Johannesburg. Gauteng. 2021,,Lamelle. Building C1. Northlands Deco Park. Newmarket Road. North Riding. Gauteng. 2169,Lize Janse van Rensberg,,,Import &amp; Export
254322,Certificate_Product_Registration,Laurus Generics SA (Pty) Ltd,10/03/2022,responiblepharmacist@LaurusGenericsSA.com,10/03/2027,,0000001410.-.2,021 202 5742 extension 121 or 082 779 9931,Box 25. Sunclare Building. 21 Dreyer Street. Claremont. Cape Town. 7708,,506 Sunclare Building. 21 Dreyer Street. Claremont. Cape Town. Western Cape. 7708,Nelesh Shashikant Patel,,,Import &amp; Export
254323,Certificate_Product_Registration,Loock Pharmaceuticals (Pty) Ltd,08/06/2022,rp@loockpharmaceuticals.co.za ,08/06/2027,,0000000948.-.9,27145373121,39 Eagles Landing- Rock Cliff Estate- Rustenburg- 0299,,39 Eagles Landing- Rock Cliff Estate- Rustenburg- 0299,Marga van Niekerk,,,Import &amp; Export
254324,Certificate_Product_Registration,Macleods Pharmaceuticals SA (Pty) Ltd,07/04/2022,vanitar@macleodspharma.com ,07/04/2027,,0000001111.-.4,011 682 1169 or 083 266 9223,Office Block 1. Bassonia Estate Office Park (East). 1 Cussonia Drive. Bassonia Rock. Ext. 12. Alberton. 2061,,Office Block 1. Bassonia Estate Office Park (East). 1 Cussonia Drive. Bassonia Rock. Ext. 12. Alberton. 2061,Vanita Rajool,,,Import &amp; Export
254325,Certificate_Product_Registration,MC Pharma (Pty) Ltd,06/02/2024,Pharmacist@mcpharma.co.za or Tracy.Burger@mcpharma.co.za ,06/02/2029,,0000000253.-.13,012 668 3019 or 082 457 7894,62 Constantia Avenue. Mnandi. Centurion. Gauteng. 0157,,62 Constantia Avenue. Mnandi. Centurion. Gauteng. 0157,Tracey Leigh Burger,,,Import &amp; Export
254326,Certificate_Product_Registration,Medchem Pharmaceuticals cc,09/02/2022,thania@medchem.co.za,09/02/2027,,0000000819.-.6,2712 348 0752,5 Goedehoop. 18 Hillview Avenue. Newlands. Pretoria. 0181,,5 Goedehoop. 18 Hillview Avenue. Newlands. Pretoria. 0181,Martiné Kriel,,,Import &amp; Export
254327,Certificate_Product_Registration,Medfour CC trading as Medfour Healthcare,24/08/2022,hanlie@medfour.co.za ,24/08/2027,,0000001155.-.2,2718 290 8034/5,P O Box 20765- Noordbrug- 2522,,31 Burger Street. Baillie Park. Potchefstroom 2531,Johanna Helena Bezuidenhout,,,Import &amp; Export
254328,Certificate_Product_Registration,Medi Challenge (Pty) Ltd,29/01/2024,anton@medichallenge.co.za ,29/01/2029,,0000000228.-.14,0123451802 or 083 632 0060,493 De Jonge Street. Elarduspark X1. Pretoria. Gauteng. 0181,,493 De Jonge Street. Elarduspark X1. Pretoria. 0181,Olivia Labuschagne,,,Import &amp; Export
254329,Certificate_Product_Registration,Medicine Developers International Healthcare CC t/a MDI Healthcare CC,19/12/2024,johandi@global.co.za ,19/12/2029,,0000001165.-.4,2712 460 1525 and 082 588 2133,P.O. Box 35259. Menlo Park. Pretoria. 0102,,374 Anderson Street. Menlo Park. Pretoria- 0081,Johanna(Johandi) Prinsloo,,,Import &amp; Export
254330,Certificate_Product_Registration,Menarini South Africa (Pty) Ltd,05/11/2024,tchetty@menarini.co.za,05/11/2029,,0000001474.-.1,27 733 113 456,Waterside Place. Unit 02D. South Gate Office. Carl Cronje Drive. Tygervalley. Cape Town. Western Cape. 7530,,Waterside Place. Unit 02D. South Gate Office. Carl Cronje Drive. Tygervalley. Cape Town. Western Cape. 7530,Thirosha Chetty,,,Import &amp; Export
254331,Certificate_Product_Registration,Mentholatum South Africa (Pty) Ltd,11/04/2023,lyzelle@mentholatum.co.za or sam@mentholatum.co.za,11/04/2028,,0000000820.-.14,082 566 0566 or 021 702 0620,Golf Park GP4/2B. Raapenberg Road. Mowbray. Cape Town. Western Cape. 7700,,Golf Park GP4/2B. Raapenberg Road. Mowbray. Cape Town. Western Cape. 7700,Lyzelle Judith Woldson,,,Import &amp; Export
254332,Certificate_Product_Registration,Merck (Pty) Ltd,11/04/2024,Dudu.ngqengelele@merckgroup.com ,11/04/2029,,0000000169.-.17,27113725000,1 Friesland Drive. Longmeadow Business Estate South. Modderfontein. Gauteng. 1645,,1 Friesland Drive. Longmeadow Business Estate South. Modderfontein. Gauteng. 1645,Sindisile Duduzile Ngqengelele (neé Bhengu),,,Import &amp; Export
254333,Certificate_Product_Registration,MSQ Pharma (Pty) Ltd,24/05/2023,msq@mweb.co.za ,24/05/2028,,0000001285.-.4,012 004 0913 or 083 459 0836,Soetdoring Office Park. First Floor. 7 Protea Street. Doringkloof. Centurion. Gauteng. 0157,,Soetdoring Office Park. First Floor. 7 Protea Street. Doringkloof. Centurion. Gauteng. 0157,Gesina Wilhelmina Cerff,,,Import &amp; Export
254334,Certificate_Product_Registration,Mundipharma (Pty) Ltd,21/02/2022,Carmen.Heuvel@mundipharma.co.za ,21/02/2027,,0000001101.-.7,021 671 5251 and 073 098 4795,Block D. Grosvenor Square. Park Lane. Century City. Cape Town. 7441,,Block D. Grosvenor Square. Park Lane. Century City. Cape Town. 7441,Carmen Alicia Heuvel,,,Import &amp; Export
254335,Certificate_Product_Registration,Nativa (Pty) Ltd,04/04/2022,avh@nativa.co.za or aadil@nativa.co.za ,04/04/2027,,0000001141.-.5,2712 664 7110,260 Cradock Avenue- Lyttleton- Centurion- 0141,,260 Cradock Avenue- Lyttleton- Centurion- 0141,Annemie van Heerden,,,Import &amp; Export
254336,Certificate_Product_Registration,Neolife International (Pty) Ltd (formerly GNLD International (Pty) Ltd),03/12/2025,DeWetB@za.neolife.com,03/12/2030,,0000000744.-.17,27 114 093 111,1 Heaton Lane. Longlake Ext 19. Modderfontein. Gauteng. 1645,,1 Heaton Lane. Longlake Ext 19. Modderfontein. Gauteng. 1645,De Wet Hugo Bezuidenhout,,,Import &amp; Export
254337,Certificate_Product_Registration,Novagen Pharma (Pty) Ltd,26/02/2025,gawie@novagenpharma.co.za,26/02/2030,,0000001082.-.8,012 345 1747 or 084 384 3894,Office 2. 100 Sovereign Drive. Route 21 Corporate Park. Nellmapius drive. Irene. Pretoria. Gauteng. 0157,,Office 2. 100 Sovereign Drive. Route 21 Corporate Park. Nellmapius drive. Irene. Pretoria. Gauteng. 0157,Gabriël Erwee,,,Import &amp; Export
254338,Certificate_Product_Registration,Novartis South Africa (Pty) Ltd,06/02/2024,kumeshnie.padayachee@novartis.com ,06/02/2029,,0000000242.-.18,27 103 463 900,P O Box 12257- Vorna Valley- Johannesburg- 1686,,Magwa Crescent West. Waterfall City. Jukskei View. Johannesburg. Gauteng. 2090,Kumeshnie Padayachee,,,Import &amp; Export
254339,Certificate_Product_Registration,Novo Nordisk (Pty) Ltd,03/06/2024,eupi@novonordisk.com ,03/06/2029,,0000000225.-.17,27 112 020 500,90 Grayston Drive. Sandown. Sandton. 2031. Gauteng,,90 Grayston Drive. Sandown. Sandton. 2031. Gauteng,Euganthri Pillay,,,Import &amp; Export
254340,Certificate_Product_Registration,Octapharma South Africa (Pty) Ltd,11/08/2025,sean.hancock@octapharma.com ,11/08/2030,,0000001194.-.6,011 465 4269,Building 3. Design Quarter Complex. Corner Winnie Mandela Drive and Leslie Avenue East. Fourways. Johannesburg. Gauteng. 2191,,Building 3. Design Quarter Complex. Corner Winnie Mandela Drive and Leslie Avenue East. Fourways. Johannesburg. Gauteng. 2191,Michelle Engelbrecht (Prinsloo),,,Import
254341,Certificate_Product_Registration,Oethmaan Biosims (Pty) Ltd (Formerly Medreich SA (Pty) Ltd),12/11/2024,mbodhania@oethmaan.co.za,12/11/2029,,0000000990.-.8,27 833 253 741,207A Sherwood House. Greenacres Office Park. Corner of Victory and Rustenburg Roads. Victory Park. Johannesburg. Gauteng. 2195,,207A Sherwood House. Greenacres Office Park. Corner of Victory and Rustenburg Roads. Victory Park. Johannesburg. Gauteng. 2195,Muhammad Mahmood Bodhania,,,Import &amp; Export
254342,Certificate_Product_Registration,Opus Pharmaceuticals (Pty) Ltd,04/07/2023,Suzette.jacobs@opuspharma.co.za ,07/07/2028,,0000000534.-.9,27 210 012 450,Postnet Suite 113. Private Bag X8. Elardus Park. 0047,,Techno-Link. Block K. Route 21 Corporate Park. 63 Regency Drive. Irene. Ext. 30. Pretoria. Gauteng. 0157,Angus Michael Westley,,,Import &amp; Export
254343,Certificate_Product_Registration,Organon South Africa (Pty) Ltd,12/07/2021,Kershion.govender1@organon.com,12/07/2026,,0000001389.-.5,27 672 973 246,Nexus 1 - 3rd Floor. 44 Magwa Crescent. Waterfall City. Midrand. Johannesburg. Gauteng. 2090,,Nexus 1 - 3rd Floor. 44 Magwa Crescent. Waterfall City. Midrand. Johannesburg. Gauteng. 2090,Kershion Govender,,,Import &amp; Export
254344,Certificate_Product_Registration,Oryx Life Sciences (Pty) Ltd,23/10/2023,carine@oryxls.co.za ,23/10/2028,,0000001452.-.2,27 828 715 127,6 Chatelaine Crescent. Altydgedacht. Durbanville. Cape Town. Western Cape. 7550,,6 Chatelaine Crescent. Altydgedacht. Durbanville. Cape Town. Western Cape. 7550,Simonè Calitz,,,Import &amp; Export
254345,Certificate_Product_Registration,P&amp;G South Africa Trading (Pty) Ltd,04/09/2024, bajramovic.h@pg.com,04/09/2029,,0000000557.-.20,010 001 9883 or 071 670 2490,10th Floor. Alice Lane Towers. 15 Alice Lane. Sandton. Johannesburg. Gauteng. 2196,,10th Floor. Alice Lane Towers. 15 Alice Lane. Sandton. Johannesburg. Gauteng. 2196,Yunus Mohamed Motala,,,Import &amp; Export
254346,Certificate_Product_Registration,Pfizer Laboratories (Pty) Ltd,24/06/2025,bronwen.swartz@pfizer.com ,24/06/2030,,0000000790.-.12,27 113 206 300,Building 2. 1st Floor. Maxwell Office Park. Magwa Cresent. Waterfall City. Midrand. Gauteng. 1685,,Building 2. 1st Floor. Maxwell Office Park. Magwa Cresent. Waterfall City. Midrand. Gauteng. 1685,Bronwen Helene Swartz,,,Import &amp; Export
254347,Certificate_Product_Registration,Pharma Dynamics (Pty) Ltd,22/03/2024,c.naude@pharmadynamics.co.za ,22/03/2029,,0000000214.-.12,27 728 572 963,1st Floor. Grapevine House. Steenberg Office Park. Silverwood Close. Westlake. Cape Town. Western Cape. 7945,,1st Floor. Grapevine House. Steenberg Office Park. Silverwood Close. Westlake. Cape Town. Western Cape. 7945,Celeste Naude,,,Import &amp; Export
254348,Certificate_Product_Registration,Pharmacare Limited,18/11/2024,nwhelan@aspenpharma.com ,18/11/2029,,0000000666.-.10,27 112 396 200,Building 12. Healthcare Park. Woodlands Drive. Woodmead. Johannesburg. Gauteng. 2191,,Building 12. Healthcare Park. Woodlands Drive. Woodmead. Johannesburg. Gauteng. 2191,Nikola Jane Whelan,,,Import &amp; Export
254349,Certificate_Product_Registration,Pharmacentrix (Pty) Ltd ,24/05/2021,vikash@pharmacentrix.co.za ,24/05/2026,,0000001382.-.1,082 571 1000,P O Box 790. Ruimsig. 1732,,2nd Floor. 6 Ateljee Street. Randpark Ridge. Randburg. 2169,Vikash Tukurpersad Maharaj,,,Import &amp; Export
254350,Certificate_Product_Registration,Pharmaco Distribution (Pty) Ltd,17/05/2024,carel.swartz@pharmaco.co.za ,17/05/2029,,0000000544.-.14,27117840077,3 Sandown Valley Crescent. South Tower. First Floor. Sandton. Gauteng. 2196,,3 Sandown Valley Crescent. South Tower. First Floor. Sandton. Gauteng. 2196,Carel André Swartz,,,Import &amp; Export
254351,Certificate_Product_Registration,Pharmacorp (Pty) Ltd,29/07/2025,rene.meyer@pharmacorp.co.za ,29/07/2030,,0000001075.-.7,27 128 811 980,29 Victoria Link. Route 21 Corporate Park. Irene. Pretoria. Gauteng.  0178,,29 Victoria Link. Route 21 Corporate Park. Irene. Pretoria. Gauteng. 0178,René Meyer,,,Import &amp; Export
254352,Certificate_Product_Registration,Pharmadyne Healthcare (Pty) Ltd,03/06/2022,rp@pharmadynehealthcare.co.za and info@pharmadynehealthcare.co.za ,03/06/2027,,0000000877.-.5,010 329 0701 or 083 633 7866,72 Steel Road. Spartan. Kempton Park. Gauteng 1619,,72 Steel Road. Spartan. Kempton Park. Gauteng 1619,Kaelene Gounden,,,Import &amp; Export
254353,Certificate_Product_Registration,Pharmaplan (Pty) Ltd,03/07/2024,Freda.loggerenberg@acino.swiss ,03/07/2029,,0000000238.-.14,27 829 260 683,PO Box 8356. Midrand. Johannesburg. Gauteng. 1685,,106 16th Road. Midrand. Johannesburg. Gauteng. 1686,Cornelia Frediricka van Loggerenberg,,,Import &amp; Export
254354,Certificate_Product_Registration,Pharma-Q Holdings (Pty) Ltd,26/07/2021,fatimashakoor@pharmaq.co.za ,26/07/2026,,0000001052.-.6,27 112 471 600,Private Bag X09- Florida- Johannesburg- 1710,,50 Commando Road- Industria West- Johannesburg- 2093,Fatima Shakoor,,,Import &amp; Export
254355,Certificate_Product_Registration,Phyto OTC Health (Pty) Ltd,27/05/2021,dennis@phyto-otc.co.za ,27/05/2026,,0000001199.-.3,011 805 1482,Unit 2B. Block C. 49 New Road. Randjespark. Midrand. 1685,,Unit 2B. Block C. 49 New Road. Randjespark. Midrand. 1685,Dennis Kevin Wilkes,,,Import
254356,Certificate_Product_Registration,Piramal Critical Care (Pty) Ltd,13/04/2023,Divya.Ranchod@piramal.com ,13/04/2028,,0000001295.-.2,27 824 541 781,P O Box 1088. Cresta. Johannesburg. Gauteng. 2118,,Office 2. Ground Floor. Kiepersol House. Stonemill Office Park. 300 Acacia Road. Darrenwood. Johannesburg. Gauteng 2194,Divya Ranchod,,,Import &amp; Export
254357,Certificate_Product_Registration,"Population Services International (Incorporated in United States of America)
External Non-Profit Company",01/06/2022,hstevens@psi.org,01/06/2027,,0000001411.-.2,27 878 090 087,PostNet Suite #1. Private Bag X 8. Elarduspark. Pretoria. Gauteng. 0047,,Block L. 63 Regency Drive. Route 21 Corporate Park. Irene. Centurion. Pretoria. Gauteng. 0152,Hilton Tommy Stevens,,,Import &amp; Export
254358,Certificate_Product_Registration,PPS Pharmaceuticals (Pty) Ltd,04/07/2024,venu@ppspharmaceuticals.com,04/07/2029,,0000001464.-.1,27 102 440 999,23 Kiaat Street. Erf 926. Extension 7. Noordwyk. Midrand. Johannesburg. Gauteng. 1687,,23 Kiaat Street. Erf 926. Extension 7. Noordwyk. Midrand. Johannesburg. Gauteng. 1687,Venubabu Muppalla,,,Import &amp; Export
254359,Certificate_Product_Registration,Qhayisa 2014 Trading &amp; Projects (Pty) Ltd trading as GDR Pharma,14/07/2022,st@gooddocreg.co.za ,14/07/2027,,0000001421.-.1,27 714 730 026,38 Tulbagh Gardens. Corner Tulbagh &amp; Mulder Roads. Glen Marais. Kempton Park. 1619,,38 Tulbagh Gardens. Corner Tulbagh &amp; Mulder Roads. Glen Marais. Kempton Park. 1619,Siphamandla Thwala,,,Import &amp; Export
254360,Certificate_Product_Registration,Ranbaxy (SA) (Pty) Ltd,14/03/2024,susan.heritage@sunpharma.com ,14/03/2029,,0000000243.-.11,012 643 2033 or 072 285 9818,P O Box 10458- Centurion. Gauteng. 0046,,Ground Floor. Tugela House. Riverside Office Park. 1303 Heuwel Avenue. Centurion. Gauteng. 0046,Susan Kerry Heritage,,,Import &amp; Export
254361,Certificate_Product_Registration,RBC Healthcare (Pty) Ltd,28/07/2025,venubm@rbchealthcaresa.com,28/07/2030,,0000001489.-.1,010 224 0999 and 062 804 4801,23 Kiaat Street. ERF 926. Extension 7. Noordwyk. Midrand. Johannesburg. Gauteng. 1687,,23 Kiaat Street. ERF 926. Extension 7. Noordwyk. Midrand. Johannesburg. Gauteng. 1687,Venubabu Muppalla,,,Import &amp; Export
254362,Certificate_Product_Registration,RBC Pharmaceuticals (Pty) Ltd,17/01/2023,info@rbcpharma.com and rbcpharm@gmail.com ,17/01/2028,,0000001436.-.1,27 102 240 999,23 Kiaat Street. ERF 926. Extension 7. Noordwyk. Midrand. Johannesburg. 1687,,23 Kiaat Street. ERF 926. EXT 7 Noordwyk. Midrand. Johannesburg. 1687,Kishore Badavath,,,Import &amp; Export
254363,Certificate_Product_Registration,Roche Products (Pty) Ltd,15/02/2024,anel.jansen_van_vuuren@roche.com ,15/02/2029,,0000000561.-.17,27 115 044 746,90 Bekker Road. Hertford Office Park. Building E. Vorna Valley. Midrand. Johannesburg. 1686,,90 Bekker Road. Hertford Office Park. Building E. Vorna Valley. Midrand. Johannesburg. 1686,Aletta Petronella Jansen van Vuuren,,,Import &amp; Export
254364,Certificate_Product_Registration,Ruby Pharmaceuticals (Pty) Ltd,22/06/2022,arshad@rubypharma.co.za ,22/06/2027,,0000001252.-.3,2772 213 7533,P O Box 431- Pinetown- Durban- 3600,,Unit 1- 96 Hartley Road- Overport- Durban- 4091,Mohamed Arshad Ghoor,,,Import &amp; Export
254365,Certificate_Product_Registration,RX Medicals (Pty) Ltd,11/11/2024,tielmann@rxmedicals.co.za ,11/11/2029,,0000001305.-.2,27 824 170 061,Unit A1. Building 2. Devonbosch. Bottelary Road. Koelenhof. Stellenbosch. Western Cape. 7600,,Unit A1. Building 2. Devonbosch. Bottelary Road. Koelenhof. Stellenbosch. Western Cape. 7600,Tielman Niewoudt,,,Import &amp; Export
254366,Certificate_Product_Registration,Safeline Pharmaceuticals (Pty) Ltd,27/06/2024,robertae@safeline.co.za ,27/06/2029,,0000000410.-.10,011 288 5360 or 082 459 2722,4845 Rugby Street. Weltevreden Park. Roodepoort. Johannesburg. Gauteng. 1715,,4845 Rugby Street. Weltevreden Park. Roodepoort. Johannesburg. Gauteng. 1715,Roberta Lynn Esakovitz,,,Import &amp; Export
254367,Certificate_Product_Registration,Sandoz South Africa (Pty) Ltd,11/02/2022,indirani.govender@sandoz.com,11/02/2027,,0000000670.-.15,011 347 6600,Magwa Crescent West. Waterfall City. Jukskei View. Midrand. 2090,,Magwa Crescent West. Waterfall City. Jukskei View. Midrand. 2090,Indirani Govender,,,Import &amp; Export
254368,Certificate_Product_Registration,Sanofi-Aventis South Africa (Pty) Ltd,28/06/2024,graeme.james@sanofi.com ,28/06/2029,,0000000683.-.19,2711 256 3700 or 083 442 0957,Private Bag X207. Midrand. Gauteng. 1683,,Hertford Office Park. Building I. 5th Floor. 90 Bekker Road. Vorna Valley. Midrand. 2196,Graeme Leslie James,,,Import &amp; Export
254369,Certificate_Product_Registration,Servier Laboratories SA (Pty) Ltd,01/10/2024,Nolwazi.shishaba@servier.com ,01/10/2029,,0000000551.-.11,27 115 253 447,3rd Floor. Building J. Hertford Office Park. 90 Bekker Road. Vorna Valley. Midrand. Gauteng. 1686,,3rd Floor. Building J. Hertford Office Park. 90 Bekker Road. Vorna Valley. Midrand. Gauteng. 1686,Nolwazi Shishaba,,,Import &amp; Export
254370,Certificate_Product_Registration,Shanur Healthcare (Pty) Ltd,06/04/2022,lsuleman@dezzopharm.co.za ,06/04/2027,,0000000876.-.16,27 116 111 400,Loch House. Unit 003. 3A Eton Road. Parktown. Johannesburg. 2193,,Loch House. Unit 003. 3A Eton Road. Parktown. Johannesburg. 2193,Lutfiyya Suleman,,,Import &amp; Export
254371,Certificate_Product_Registration,Sila Pharmaceuticals (Pty) Ltd,24/02/2026,heatherm@silapharm.co.za,24/02/2031,,0000001505.-.1,010 224 0883 or 0 79 948 2544,Unit 15. Bates House. Waterfall Office Park. Vorna Valley. Midrand. Gauteng. 1686,,Unit 15. Bates House. Waterfall Office Park. Vorna Valley. Midrand. Gauteng. 1686,Heather Lindelwe Moyo,,,Import &amp; Export
254372,Certificate_Product_Registration,Smart Pharmaceuticals (Pty) Ltd,27/05/2022,smartpharma@telkomsa.net,27/05/2027,,0000001228.-.2,27 219 873 621,Postnet Suite 67. Private Bag X3. Glosderry. Cape Town. 7702,,247 Voortrekker Road. Kraaifontein. Cape Town. 7570,Zanaib Parker,,,Import &amp; Export
254373,Certificate_Product_Registration,Smith &amp; Nephew Pharmaceuticals (Pty) Ltd,31/10/2024,Athene.Saul@smith-nephew.com,31/10/2029,,0000000506.-.13,031 242 8102 or 084 445 7004,P O Box 92. Pinetown. Durban. KwaZulu-Natal. 3600,,30 The Boulevard. Westend Office Park. Westville. Durban. KwaZulu-Natal. 3629,Athene Ingrid Saul,,,Import &amp; Export
254374,Certificate_Product_Registration,Soflens (Pty) Ltd,24/05/2024,Marianne.Oosthuizen@bausch.com ,24/05/2029,,0000000246.-.16,010 025 2100 or 082 850 2921,Building B. First Floor Westend Office Park. 254 Hall Street. Centurion. Gauteng. 0157,,Building B. First Floor Westend Office Park. 254 Hall Street. Centurion. Gauteng. 0157,Marianne Oosthuizen,,,Import &amp; Export
254375,Certificate_Product_Registration,Sonke Pharmaceuticals (Pty) Ltd,25/04/2023,Lydia.moekeletsi@sunpharma.com ,25/04/2028,,0000000959.-.14,012 643 2091 and 083 302 9583,P O Box 10458. Centurion. Gauteng. 0046,,Riverside Office Park. Ground Floor. Tugela House. 1303 Heuwel Avenue. Centurion. Gauteng. 0157,Matshwene Lydia Moekeletsi,,,Import &amp; Export
254376,Certificate_Product_Registration,Spear Pharmaceuticals (Pty) Ltd,03/03/2022,sandra@spearpharma.co.za,03/03/2027,,0000001196.-.6,27 824 550 863,2 Bruton Road. Block C. Nicol Main Office Park. Bryanston. 2191,,2 Bruton Road. Block C. Nicol Main Office Park. Bryanston. 2191,Sandra Abreu,,,Import &amp; Export
254377,Certificate_Product_Registration,Specpharm (Pty) Ltd,06/05/2024,abraga@specpharm.co.za ,06/05/2029,,0000000499.-.13,27 116 520 418,Corner 15th &amp; Pharmaceutical Roads. Halfway House. Midrand. Gauteng. 1685,,Corner 15th &amp; Pharmaceutical Roads. Halfway House. Midrand. Gauteng. 1685,Anabela Vilaça Moreira Braga,,,Import &amp; Export
254378,Certificate_Product_Registration,Strides Pharma (SA) (Pty) Ltd,26/05/2022,rp@stridessa.co.za ,26/05/2027,,0000001206.-.6,010 594 5610 or 065 923 9938,3 Gwen Lane. Fourth Floor. Sandton. Gauteng. 2031,,3 Gwen Lane. Fourth Floor. Sandton. Gauteng. 2031,Mmabaledi Nandi Matjila,,,Import
254379,Certificate_Product_Registration,Takeda (Pty) Ltd,14/08/2024,portia.tabile@takeda.com,14/08/2029,,0000000265.-.17,2711 514-3000,P O Box 70086- Bryanston- Johannesburg. Gauteng. 2021,,Building A. Monte Circle. 64 Montecasino Boulevard. Fourways. Johannesburg. Gauteng. 2191,Margaret Majela (Portia) Tabile,,,Import &amp; Export
254380,Certificate_Product_Registration,Talo Consumer Solutions (Pty) Ltd,26/09/2024,arthur@tcsbrands.co.za ,26/09/2029,,0000001471.-.1,079 877 0009 or 012 942 3579,30 Bell Crescent. Hennopspark X7. Centurion. Pretoria. Gauteng. 0046,,30 Bell Crescent. Hennopspark X7. Centurion. Pretoria. Gauteng. 0046,Arthur William Eckard,,,Import &amp; Export
254381,Certificate_Product_Registration,Teva Pharmaceuticals (Pty) Ltd,21/05/2024,salomie.keyser@teva.co.za ,21/05/2029,,0000000573.-.17,082 468 9865 or 011 055 0200,P O Box 653590. Benmore. Gauteng. 2010,,1st Floor Building 3. Maxwell Office Park. Magwa Crescent West. Waterfall City. Midrand. Gauteng. 1685,Salomina Aletta Getruida Keyser,,,Import &amp; Export
254382,Certificate_Product_Registration,Tiger Consumer Brands,16/05/2025,kershnee.gopalsamy@tigerbrands.com ,16/05/2030,,000001169.-.5,011 921 1694 or 066 055 3120,2 Purlin Road. Isando. Kempton Park. Gauteng. 1600,,2 Purlin Road. Isando. Kempton Park. Gauteng. 1600,Kershnee Gopalsamy,,,Importe &amp; Export
254383,Certificate_Product_Registration,Trinity Pharma (Pty) Ltd,26/08/2022,shamillah.holland@trinitypharma.co.za or cherylynn.johnson@trinitypharma.co.za ,26/08/2027,,0000000776.-.16,27105945610,P O Box 68687- Bryanston. Johannesburg. 2021,,3 Gwen Lane. Fourth Floor. Sandton. Gauteng. 2031,Shamillah Holland,,,Import &amp; Export
254384,Certificate_Product_Registration,Umsebe Healthcare,17/03/2022,regulatory@umsebe.com or henk@umsebe.com,17/03/2027,,0000001100.-.7,021 202 5742 ext.102 or 083 774 7322,506 Sunclare Building. 21 Dreyer Street. Claremont. Cape Town. Western Cape. 7708,,506 Sunclare Building. 21 Dreyer Street. Claremont. Cape Town. Western Cape. 7708,Henk Swart,,,Import &amp; Export
254385,Certificate_Product_Registration,Unichem SA (Pty) Ltd,12/03/2024,pharmacist@unichemsa.co.za ,12/03/2029,,0000000328.-.13,27215310436,San Domenico. Ground Floor. Unit G4. 10 Church Street. Durbanville. Cape Town. Western Cape. 7551,,San Domenico. Ground Floor. Unit G4. 10 Church Street. Durbanville. Cape Town. Western Cape. 7551,Michelle Vivier,,,Import &amp; Export
254386,Certificate_Product_Registration,Unicorn Pharmaceutica (Pty) Ltd (currently onwed by Abex Pharmaceutical (Pty) Ltd,24/12/2021, Jeanine.jvrensburg@unicornpharma.co.za,24/12/2026,,0000001109.-.9,021 300 6907 or 082 086 8937,4th Floor Offices. Block A. The District Building. 41 Sir Lowry Road. Woodstock. Cape Town. Western Cape. 7925,,4th Floor Offices. Block A. The District Building. 41 Sir Lowry Road. Woodstock. Cape Town. Western Cape. 7925,Jeanine Janse van Rensburg,,,Import &amp; Export
254387,Certificate_Product_Registration,Unimed Healthcare (Pty) Ltd,01/10/2024,fahmida@unimedhealthcare.co.za or regulatory@unimedhealthcare.co.za ,01/10/2029,,0000001010.-.7,27110566999 or 0824624979,Private Bag X12. Pretoria West. Gauteng. 0117,,Corner Birch Road and Bluegum Avenue. Anchorville. Lenasia. Gauteng. 1827,Fahmida Abdul Samid Ebrahim,,,Import &amp; Export
254388,Certificate_Product_Registration,Veralogix Holdings (Pty) Ltd,22/08/2025,georgev@veralogix.co.za and stmthunzini@gmail.com ,22/08/2030,,0000001493.-.1,013 170 6200. 083 404 3492 and 082 838 8565,3A Laver Street. Clubville. Middelburg. Mpumalanga. 1050,,3A Laver Street. Clubville. Middelburg. Mpumalanga. 1050,Sandile Mthunzini,,,Import &amp; Export
254389,Certificate_Product_Registration,Vetpharma (Pty) Ltd,18/11/2024,regulatory@vetpharma.africa,18/11/2029,,0000001477.-.1,021 932 2019 ext 125,7G Isotope Street. Stikland Industrial. Bellville. Cape Town. Western Cape. 7530,,7G Isotope Street. Stikland Industrial. Bellville. Cape Town. Western Cape. 7530,Maryka Jacolene Le Roux,,,Import &amp; Export
254390,Certificate_Product_Registration,Viatris Healthcare (Pty) Ltd (Formerly Mylan(Pty) Ltd),11/09/2024,sohana.sukhnandan@viatris.com,11/09/2029,,0000000261.-.12,2711 451 1300 ,4 Brewery Street. Isando. Gauteng. 1601,,4 Brewery Street. Isando. Gauteng. 1601,Sohana Sukhnandan,,,Import &amp; Export
254391,Certificate_Product_Registration,Viatris South Africa (Pty) Ltd (Formerly Xixia Pharmaceuticals ),10/12/2024, rizvan.munshi@viatris.com,10/12/2029,,0000000577.-.12,27114511300,4 Brewery Street. Isando. Kempton Park. Gauteng. 1601,,4 Brewery Street. Isando. Kempton Park. Gauteng. 1601,Rizvan Munshi,,,Import &amp; Export
254392,Certificate_Product_Registration,Vicore Health SA (Pty) Ltd,12/02/2026, malherbe.swart@vicorehealth.com,12/02/2031,,0000001504.-.1,27 767 538 838,36 Rietfontein Road. Edenburg. Sandton. Gauteng. 2128,,36 Rietfontein Road. Edenburg. Sandton. Gauteng. 2128,Malherbe Swart,,,Import &amp; Export
254393,Certificate_Product_Registration,Zimbili Pharma cc,03/06/2022,salima.mahomed@zimbili.co.za,03/06/2027,,0000001098.-.4,27 118 525 252,24 Parrot Avenue. Extension 1. Lenasia. Johannesburg. 1820,,24 Parrot Avenue. Extension 1. Lenasia. Johannesburg. 1820,Salima Mahomed,,,Import &amp; Export
254394,Certificate_Product_Registration,Zoetis South Africa (Pty) Ltd(Formerly Pfizer Animal Health Soth Africa (Pty) Ltd),21/08/2023,fayrooz.lambey@zoetis.com,21/08/2028,,0000001131.-.6,27 823 079 561,PostNet Suite 53. Private Bag 9976. Sandton. Gauteng. 2146,,6th Floor North Wing. 90 Rivonia Road. Sandton. Gauteng. 2196,Fayrooz Lambey,,,Import &amp; Export
254395,Certificate_Product_Registration,Zydus Healthcare SA (Pty) Ltd,10/09/2024,regulatory@zydus.co.za ,10/09/2029,,0000000325.-.14,27127486400,Suite 100. Private Bag X32. Highveld Park. Centurion. Gauteng. 0169,,Southdowns Office Park. Building A. Second Floor. 22 Karee Street. Centurion. Gauteng. 0157,Madhu Babu Swarna,,,Import &amp; Export
